ltla,phe_region,mid_week,Nt,nt,M,round,start_date,end_date,mid_date,m,l,u
Adur,South East,2020-11-22,1775,39,64301,7,2020-11-13,2020-12-03,2020-11-23,2.1971830985915495,1.6114158527685207,2.9894134350170227
Adur,South East,2021-01-17,2631,314,64301,8,2021-01-06,2021-01-22,2021-01-14,11.93462561763588,10.75100150492201,13.229244316148932
Allerdale,North West,2020-11-22,2639,107,97761,7,2020-11-13,2020-12-03,2020-11-23,4.054566123531641,3.366425895979945,4.876272813533291
Allerdale,North West,2021-01-17,3941,457,97761,8,2021-01-06,2021-01-22,2021-01-14,11.596041613803603,10.633604747290878,12.63327348854783
Amber Valley,East Midlands,2020-11-22,3518,329,128147,7,2020-11-13,2020-12-03,2020-11-23,9.351904491188174,8.433624108739828,10.358858930582302
Amber Valley,East Midlands,2021-01-17,4149,595,128147,8,2021-01-06,2021-01-22,2021-01-14,14.340805013256205,13.307299943832229,15.440280975370888
Arun,South East,2020-11-22,5330,105,160758,7,2020-11-13,2020-12-03,2020-11-23,1.9699812382739212,1.6300321814996632,2.3791132059594955
Arun,South East,2021-01-17,7631,873,160758,8,2021-01-06,2021-01-22,2021-01-14,11.440178220416723,10.745341251060161,12.173817820659206
Ashfield,East Midlands,2020-11-22,4176,304,127918,7,2020-11-13,2020-12-03,2020-11-23,7.2796934865900385,6.5303656482825785,8.107545020064157
Ashfield,East Midlands,2021-01-17,4847,650,127918,8,2021-01-06,2021-01-22,2021-01-14,13.410356921807304,12.479952387983595,14.398713301034318
Ashford,South East,2020-11-22,4014,216,130032,7,2020-11-13,2020-12-03,2020-11-23,5.381165919282512,4.724807041387797,6.1228449450751326
Ashford,South East,2021-01-17,4244,602,130032,8,2021-01-06,2021-01-22,2021-01-14,14.18473138548539,13.167424093600477,15.266816461978564
Babergh,East of England,2020-11-22,2489,110,92036,7,2020-11-13,2020-12-03,2020-11-23,4.41944556046605,3.679826736908779,5.299543291965354
Babergh,East of England,2021-01-17,2938,295,92036,8,2021-01-06,2021-01-22,2021-01-14,10.040844111640572,9.005728980911046,11.180316634842475
Barking and Dagenham,London,2020-11-22,5777,630,212906,7,2020-11-13,2020-12-03,2020-11-23,10.90531417690843,10.127351747296185,11.735234656838154
Barking and Dagenham,London,2021-01-17,10302,1910,212906,8,2021-01-06,2021-01-22,2021-01-14,18.540089303047953,17.801425442928675,19.302206260505848
Barnet,London,2020-11-22,11707,712,395869,7,2020-11-13,2020-12-03,2020-11-23,6.081831382933288,5.663139425679674,6.529335930096177
Barnet,London,2021-01-17,15653,3116,395869,8,2021-01-06,2021-01-22,2021-01-14,19.90672714495624,19.288615079088686,20.539606182662475
Barnsley,Yorkshire and The Humber,2020-11-22,7134,630,246866,7,2020-11-13,2020-12-03,2020-11-23,8.830950378469302,8.19448220884241,9.511731442889557
Barnsley,Yorkshire and The Humber,2021-01-17,7025,695,246866,8,2021-01-06,2021-01-22,2021-01-14,9.8932384341637,9.216815867594233,10.613499938882274
Barrow-in-Furness,North West,2020-11-22,2316,84,67049,7,2020-11-13,2020-12-03,2020-11-23,3.6269430051813467,2.939073220253721,4.468392413542254
Barrow-in-Furness,North West,2021-01-17,2972,317,67049,8,2021-01-06,2021-01-22,2021-01-14,10.666218034993271,9.606768424011964,11.827218152459297
Basildon,East of England,2020-11-22,5506,581,187199,7,2020-11-13,2020-12-03,2020-11-23,10.552124954594987,9.76795148848764,11.391304499800388
Basildon,East of England,2021-01-17,6802,1010,187199,8,2021-01-06,2021-01-22,2021-01-14,14.848573948838578,14.023398028992897,15.713431297198643
Basingstoke and Deane,South East,2020-11-22,4566,177,176582,7,2020-11-13,2020-12-03,2020-11-23,3.8764783180026283,3.3542401419287375,4.476260369855751
Basingstoke and Deane,South East,2021-01-17,5973,818,176582,8,2021-01-06,2021-01-22,2021-01-14,13.694960656286623,12.846395576542491,14.590193968602566
Bassetlaw,East Midlands,2020-11-22,3704,311,117459,7,2020-11-13,2020-12-03,2020-11-23,8.3963282937365,7.5457258801293285,9.333136546198563
Bassetlaw,East Midlands,2021-01-17,3679,433,117459,8,2021-01-06,2021-01-22,2021-01-14,11.76950258222343,10.767869367255441,12.850889912684663
Bath and North East Somerset,South West,2020-11-22,4815,205,193282,7,2020-11-13,2020-12-03,2020-11-23,4.257528556593977,3.7227848592081036,4.865201742077026
Bath and North East Somerset,South West,2021-01-17,5895,630,193282,8,2021-01-06,2021-01-22,2021-01-14,10.687022900763358,9.923801999877641,11.501446799288479
Bedford,East of England,2020-11-22,6049,260,173292,7,2020-11-13,2020-12-03,2020-11-23,4.298231112580591,3.81546931419868,4.839002513364383
Bedford,East of England,2021-01-17,8805,1360,173292,8,2021-01-06,2021-01-22,2021-01-14,15.445769449176606,14.706010778321717,16.21566571630048
Bexley,London,2020-11-22,6981,571,248287,7,2020-11-13,2020-12-03,2020-11-23,8.179343933533879,7.5592460455069554,8.845442100616776
Bexley,London,2021-01-17,9432,1600,248287,8,2021-01-06,2021-01-22,2021-01-14,16.963528413910094,16.219589348885073,17.734366668738762
Birmingham,West Midlands,2020-11-22,32321,3816,1141816,7,2020-11-13,2020-12-03,2020-11-23,11.80656539092231,11.459304171915125,12.162904365590485
Birmingham,West Midlands,2021-01-17,42463,8782,1141816,8,2021-01-06,2021-01-22,2021-01-14,20.68153451239903,20.298963841195057,21.069409353820888
Blaby,East Midlands,2020-11-22,2687,275,101526,7,2020-11-13,2020-12-03,2020-11-23,10.234462225530331,9.144599079051972,11.437864336069646
Blaby,East Midlands,2021-01-17,3079,450,101526,8,2021-01-06,2021-01-22,2021-01-14,14.615134784020785,13.411453800014122,15.907000324008472
Blackburn with Darwen,North West,2020-11-22,4612,505,149696,7,2020-11-13,2020-12-03,2020-11-23,10.949696444058976,10.080782390594372,11.883608454833869
Blackburn with Darwen,North West,2021-01-17,5350,1010,149696,8,2021-01-06,2021-01-22,2021-01-14,18.878504672897193,17.852341585711645,19.949328007741187
Blackpool,North West,2020-11-22,4812,320,139446,7,2020-11-13,2020-12-03,2020-11-23,6.6500415627597675,5.980081714408123,7.389159451981074
Blackpool,North West,2021-01-17,5849,460,139446,8,2021-01-06,2021-01-22,2021-01-14,7.8645922379894,7.202063219111615,8.582431633869447
Bolsover,East Midlands,2020-11-22,2719,226,80562,7,2020-11-13,2020-12-03,2020-11-23,8.311879367414491,7.33211264951204,9.40927555522487
Bolsover,East Midlands,2021-01-17,2945,450,80562,8,2021-01-06,2021-01-22,2021-01-14,15.280135823429541,14.025968400211772,16.62476245264866
Bolton,North West,2020-11-22,7438,851,287550,7,2020-11-13,2020-12-03,2020-11-23,11.441247647216993,10.737674556360636,12.184628589439225
Bolton,North West,2021-01-17,8554,1140,287550,8,2021-01-06,2021-01-22,2021-01-14,13.327098433481414,12.623300881235322,14.063819577939638
Boston,East Midlands,2020-11-22,2602,395,70173,7,2020-11-13,2020-12-03,2020-11-23,15.180630284396617,13.853266551587076,16.61065350515947
Boston,East Midlands,2021-01-17,1987,156,70173,8,2021-01-06,2021-01-22,2021-01-14,7.851031706089582,6.748052466689784,9.116669328273625
"Bournemouth, Christchurch and Poole",South West,2020-11-22,12015,490,395331,7,2020-11-13,2020-12-03,2020-11-23,4.078235538909696,3.739009148509603,4.446816932910643
"Bournemouth, Christchurch and Poole",South West,2021-01-17,17823,2930,395331,8,2021-01-06,2021-01-22,2021-01-14,16.439432194355607,15.902545749773415,16.990782394564093
Bracknell Forest,South East,2020-11-22,2821,107,122549,7,2020-11-13,2020-12-03,2020-11-23,3.792981212336051,3.1485792417034473,4.563055623342674
Bracknell Forest,South East,2021-01-17,4046,530,122549,8,2021-01-06,2021-01-22,2021-01-14,13.099357390014829,12.09465030957953,14.17406834614984
Bradford,Yorkshire and The Humber,2020-11-22,17464,1840,539776,7,2020-11-13,2020-12-03,2020-11-23,10.53595968850206,10.08926401167785,11.000012917615972
Bradford,Yorkshire and The Humber,2021-01-17,15095,1760,539776,8,2021-01-06,2021-01-22,2021-01-14,11.659489897316993,11.15723877029049,12.181250268297818
Braintree,East of England,2020-11-22,4140,205,152604,7,2020-11-13,2020-12-03,2020-11-23,4.951690821256038,4.331598602745899,5.655305165972854
Braintree,East of England,2021-01-17,6463,885,152604,8,2021-01-06,2021-01-22,2021-01-14,13.693331270307906,12.876746769534739,14.553049833893594
Breckland,East of England,2020-11-22,4146,98,139968,7,2020-11-13,2020-12-03,2020-11-23,2.363724071394115,1.943514888441212,2.8721259210629966
Breckland,East of England,2021-01-17,6032,639,139968,8,2021-01-06,2021-01-22,2021-01-14,10.593501326259947,9.841779926265083,11.395382573214237
Brent,London,2020-11-22,7866,695,329771,7,2020-11-13,2020-12-03,2020-11-23,8.835494533435037,8.228228690462283,9.48294714597653
Brent,London,2021-01-17,12159,2891,329771,8,2021-01-06,2021-01-22,2021-01-14,23.77662636729994,23.02829217585474,24.54152511075229
Brentwood,East of England,2020-11-22,2537,156,77021,7,2020-11-13,2020-12-03,2020-11-23,6.148994875837603,5.2788696443524366,7.151715417310117
Brentwood,East of England,2021-01-17,2956,320,77021,8,2021-01-06,2021-01-22,2021-01-14,10.825439783491204,9.755801355761173,11.996764373797305
Brighton and Hove,South East,2020-11-22,6915,228,290885,7,2020-11-13,2020-12-03,2020-11-23,3.297180043383948,2.90156374533245,3.744656746314332
Brighton and Hove,South East,2021-01-17,10643,1240,290885,8,2021-01-06,2021-01-22,2021-01-14,11.650850324156723,11.05510852874926,12.274265430913502
"Bristol, City of",South West,2020-11-22,14118,1209,463377,7,2020-11-13,2020-12-03,2020-11-23,8.56353591160221,8.113151881520315,9.036463243977213
"Bristol, City of",South West,2021-01-17,16970,1964,463377,8,2021-01-06,2021-01-22,2021-01-14,11.573364761343548,11.100723186848585,12.063399491918734
Broadland,East of England,2020-11-22,3460,164,130783,7,2020-11-13,2020-12-03,2020-11-23,4.7398843930635834,4.0806669475883375,5.499490307463209
Broadland,East of England,2021-01-17,4643,568,130783,8,2021-01-06,2021-01-22,2021-01-14,12.233469739392634,11.322048630271176,13.207332647780229
Bromley,London,2020-11-22,7603,445,332336,7,2020-11-13,2020-12-03,2020-11-23,5.85295278179666,5.347258788308917,6.403235338057015
Bromley,London,2021-01-17,10099,1770,332336,8,2021-01-06,2021-01-22,2021-01-14,17.526487771066442,16.797369351716142,18.280301353752563
Bromsgrove,West Midlands,2020-11-22,2925,191,99881,7,2020-11-13,2020-12-03,2020-11-23,6.52991452991453,5.690388632822445,7.483470869154635
Bromsgrove,West Midlands,2021-01-17,3680,535,99881,8,2021-01-06,2021-01-22,2021-01-14,14.538043478260871,13.436173853423222,15.713871576720296
Broxbourne,East of England,2020-11-22,2409,204,97279,7,2020-11-13,2020-12-03,2020-11-23,8.468244084682441,7.42152242653855,9.647210262677866
Broxbourne,East of England,2021-01-17,3411,658,97279,8,2021-01-06,2021-01-22,2021-01-14,19.290530636177074,18.00120749139536,20.648945809616094
Broxtowe,East Midlands,2020-11-22,2681,170,114033,7,2020-11-13,2020-12-03,2020-11-23,6.340917568071615,5.479464116856254,7.327305448290628
Broxtowe,East Midlands,2021-01-17,3345,464,114033,8,2021-01-06,2021-01-22,2021-01-14,13.871449925261583,12.741487508112185,15.084298522046591
Buckinghamshire,South East,2020-11-22,13952,714,543973,7,2020-11-13,2020-12-03,2020-11-23,5.117545871559633,4.764101789554639,5.49569847433922
Buckinghamshire,South East,2021-01-17,18312,2667,543973,8,2021-01-06,2021-01-22,2021-01-14,14.564220183486237,14.060742612074783,15.08256194655936
Burnley,North West,2020-11-22,2792,305,88920,7,2020-11-13,2020-12-03,2020-11-23,10.92406876790831,9.820229678989339,12.135287751516785
Burnley,North West,2021-01-17,3999,629,88920,8,2021-01-06,2021-01-22,2021-01-14,15.728932233058265,14.633488460148971,16.890154726869834
Bury,North West,2020-11-22,5185,583,190990,7,2020-11-13,2020-12-03,2020-11-23,11.24397299903568,10.412635401404021,12.132695152722652
Bury,North West,2021-01-17,5508,760,190990,8,2021-01-06,2021-01-22,2021-01-14,13.798111837327523,12.912518244942733,14.734166990933645
Calderdale,Yorkshire and The Humber,2020-11-22,5961,613,211455,7,2020-11-13,2020-12-03,2020-11-23,10.283509478275457,9.537838911343028,11.080336228953922
Calderdale,Yorkshire and The Humber,2021-01-17,5275,490,211455,8,2021-01-06,2021-01-22,2021-01-14,9.289099526066352,8.535104465351786,10.102345939163426
Cambridge,East of England,2020-11-22,4526,132,124798,7,2020-11-13,2020-12-03,2020-11-23,2.916482545293858,2.4647722726588603,3.448049649599417
Cambridge,East of England,2021-01-17,5715,500,124798,8,2021-01-06,2021-01-22,2021-01-14,8.748906386701663,8.043789906900914,9.509441216028316
Camden,London,2020-11-22,17551,370,270029,7,2020-11-13,2020-12-03,2020-11-23,2.1081419862116118,1.905856910494667,2.331387046197062
Camden,London,2021-01-17,21724,1485,270029,8,2021-01-06,2021-01-22,2021-01-14,6.835757687350395,6.5077519127453245,7.179026244472062
Cannock Chase,West Midlands,2020-11-22,3405,247,100762,7,2020-11-13,2020-12-03,2020-11-23,7.254038179148312,6.430150394260302,8.174267700118452
Cannock Chase,West Midlands,2021-01-17,4206,543,100762,8,2021-01-06,2021-01-22,2021-01-14,12.91012838801712,11.930512671515773,13.957432741183743
Canterbury,South East,2020-11-22,5881,420,165394,7,2020-11-13,2020-12-03,2020-11-23,7.141642577792892,6.511078755894611,7.828159857847035
Canterbury,South East,2021-01-17,4880,607,165394,8,2021-01-06,2021-01-22,2021-01-14,12.438524590163933,11.542029819198364,13.394108445919834
Carlisle,North West,2020-11-22,3496,194,108678,7,2020-11-13,2020-12-03,2020-11-23,5.549199084668192,4.837945038452015,6.358032363128026
Carlisle,North West,2021-01-17,5363,859,108678,8,2021-01-06,2021-01-22,2021-01-14,16.017154577661756,15.059934004982928,17.02302339244037
Castle Point,East of England,2020-11-22,2628,178,90376,7,2020-11-13,2020-12-03,2020-11-23,6.773211567732115,5.874202249500846,7.7984092831838
Castle Point,East of England,2021-01-17,3653,620,90376,8,2021-01-06,2021-01-22,2021-01-14,16.972351491924446,15.789869077564548,18.224224036054444
Central Bedfordshire,East of England,2020-11-22,7065,310,288648,7,2020-11-13,2020-12-03,2020-11-23,4.387827317763623,3.934491477385261,4.890737698496844
Central Bedfordshire,East of England,2021-01-17,10626,1490,288648,8,2021-01-06,2021-01-22,2021-01-14,14.022209674383587,13.375019416929778,14.695403555791872
Charnwood,East Midlands,2020-11-22,4601,332,185851,7,2020-11-13,2020-12-03,2020-11-23,7.215822647250597,6.5033182062449875,7.999710069384919
Charnwood,East Midlands,2021-01-17,5077,620,185851,8,2021-01-06,2021-01-22,2021-01-14,12.21193618278511,11.33974704091838,13.141265974382435
Chelmsford,East of England,2020-11-22,4023,195,178388,7,2020-11-13,2020-12-03,2020-11-23,4.847129008202834,4.225492240919812,5.554914135844647
Chelmsford,East of England,2021-01-17,5906,885,178388,8,2021-01-06,2021-01-22,2021-01-14,14.984761259735862,14.09725351951438,15.917789543496367
Cheltenham,South West,2020-11-22,3365,156,116306,7,2020-11-13,2020-12-03,2020-11-23,4.635958395245171,3.975785892025697,5.399587294317672
Cheltenham,South West,2021-01-17,3878,250,116306,8,2021-01-06,2021-01-22,2021-01-14,6.446621970087674,5.715973700986754,7.263470827223356
Cherwell,South East,2020-11-22,4072,165,150503,7,2020-11-13,2020-12-03,2020-11-23,4.052062868369352,3.4884870795082366,4.702250028241973
Cherwell,South East,2021-01-17,5767,820,150503,8,2021-01-06,2021-01-22,2021-01-14,14.21883128142882,13.341269196981498,15.144030053582616
Cheshire East,North West,2020-11-22,10379,620,384152,7,2020-11-13,2020-12-03,2020-11-23,5.9736005395510166,5.5337370044237275,6.446041977600451
Cheshire East,North West,2021-01-17,11958,1355,384152,8,2021-01-06,2021-01-22,2021-01-14,11.331326308747283,10.775574464046011,11.911914482896181
Cheshire West and Chester,North West,2020-11-22,9468,525,343071,7,2020-11-13,2020-12-03,2020-11-23,5.544993662864385,5.101784192246886,6.024262030151608
Cheshire West and Chester,North West,2021-01-17,11518,1480,343071,8,2021-01-06,2021-01-22,2021-01-14,12.849453030039937,12.250680943812721,13.472997596753263
Chesterfield,East Midlands,2020-11-22,2944,149,104900,7,2020-11-13,2020-12-03,2020-11-23,5.061141304347826,4.326237033395766,5.913169089260779
Chesterfield,East Midlands,2021-01-17,4058,445,104900,8,2021-01-06,2021-01-22,2021-01-14,10.965993100049285,10.041277479996475,11.964541011014004
Chichester,South East,2020-11-22,3558,107,121129,7,2020-11-13,2020-12-03,2020-11-23,3.0073074761101743,2.4948250255166564,3.621153502422097
Chichester,South East,2021-01-17,4526,520,121129,8,2021-01-06,2021-01-22,2021-01-14,11.489173663278834,10.592614213870267,12.45105008012137
Chorley,North West,2020-11-22,3428,262,118216,7,2020-11-13,2020-12-03,2020-11-23,7.64294049008168,6.800196041535908,8.580510356307999
Chorley,North West,2021-01-17,3977,457,118216,8,2021-01-06,2021-01-22,2021-01-14,11.491073673623333,10.536855070168393,12.519613475871125
Colchester,East of England,2020-11-22,5399,174,194706,7,2020-11-13,2020-12-03,2020-11-23,3.222819040563067,2.7839911275249296,3.728164772335444
Colchester,East of England,2021-01-17,7968,1115,194706,8,2021-01-06,2021-01-22,2021-01-14,13.993473895582328,13.249079110831632,14.772570220252215
Copeland,North West,2020-11-22,2132,66,68183,7,2020-11-13,2020-12-03,2020-11-23,3.095684803001876,2.440680253775587,3.919410672434781
Copeland,North West,2021-01-17,2622,303,68183,8,2021-01-06,2021-01-22,2021-01-14,11.556064073226544,10.388219980709566,12.836390811085282
Cornwall,South West,2020-11-22,14448,252,569578,7,2020-11-13,2020-12-03,2020-11-23,1.744186046511628,1.5431946581255231,1.9708312898323592
Cornwall,South West,2021-01-17,20295,1295,569578,8,2021-01-06,2021-01-22,2021-01-14,6.380881990638088,6.0528064434121776,6.725466957474755
Cotswold,South West,2020-11-22,2008,48,89862,7,2020-11-13,2020-12-03,2020-11-23,2.3904382470119523,1.807706245490712,3.154983949750587
Cotswold,South West,2021-01-17,2549,205,89862,8,2021-01-06,2021-01-22,2021-01-14,8.042369556688897,7.0486926183543,9.162320305725657
County Durham,North East,2020-11-22,14517,1259,530094,7,2020-11-13,2020-12-03,2020-11-23,8.672590755665771,8.225644511073332,9.141403162935942
County Durham,North East,2021-01-17,16615,1830,530094,8,2021-01-06,2021-01-22,2021-01-14,11.01414384592236,10.547095771801388,11.499215145233425
Coventry,West Midlands,2020-11-22,10932,844,371521,7,2020-11-13,2020-12-03,2020-11-23,7.720453713867545,7.2348245428478535,8.235786156762085
Coventry,West Midlands,2021-01-17,13231,2106,371521,8,2021-01-06,2021-01-22,2021-01-14,15.917164235507519,15.303709799601839,16.550403994945658
Craven,Yorkshire and The Humber,2020-11-22,1673,85,57142,7,2020-11-13,2020-12-03,2020-11-23,5.080693365212194,4.127480874172544,6.239716209739913
Craven,Yorkshire and The Humber,2021-01-17,1668,150,57142,8,2021-01-06,2021-01-22,2021-01-14,8.992805755395683,7.712485207842273,10.461574133587257
Crawley,South East,2020-11-22,3087,99,112409,7,2020-11-13,2020-12-03,2020-11-23,3.206997084548105,2.641309337479058,3.888998396186014
Crawley,South East,2021-01-17,5061,862,112409,8,2021-01-06,2021-01-22,2021-01-14,17.03220707370085,16.021635558365524,18.09278782228275
Croydon,London,2020-11-22,9571,630,386710,7,2020-11-13,2020-12-03,2020-11-23,6.582384285863546,6.102804922977962,7.096802237685748
Croydon,London,2021-01-17,15300,2850,386710,8,2021-01-06,2021-01-22,2021-01-14,18.627450980392158,18.01844839330565,19.252203384997795
Dacorum,East of England,2020-11-22,3758,179,154763,7,2020-11-13,2020-12-03,2020-11-23,4.76317189994678,4.12719012693682,5.4915421556865
Dacorum,East of England,2021-01-17,5268,716,154763,8,2021-01-06,2021-01-22,2021-01-14,13.591495823842065,12.692566510417446,14.54348506731514
Darlington,North East,2020-11-22,3096,295,106803,7,2020-11-13,2020-12-03,2020-11-23,9.52842377260982,8.543779722821828,10.613376109483724
Darlington,North East,2021-01-17,3112,410,106803,8,2021-01-06,2021-01-22,2021-01-14,13.174807197943444,12.031781072627988,14.40863541545955
Dartford,South East,2020-11-22,3201,342,112606,7,2020-11-13,2020-12-03,2020-11-23,10.684161199625116,9.66075281080586,11.80182085028886
Dartford,South East,2021-01-17,3486,826,112606,8,2021-01-06,2021-01-22,2021-01-14,23.694779116465863,22.31269199173787,25.13477742368494
Derby,East Midlands,2020-11-22,7140,630,257302,7,2020-11-13,2020-12-03,2020-11-23,8.823529411764707,8.18757305465562,9.503769426919122
Derby,East Midlands,2021-01-17,9931,1715,257302,8,2021-01-06,2021-01-22,2021-01-14,17.269157184573558,16.538451904790715,18.025174229091295
Derbyshire Dales,East Midlands,2020-11-22,1782,115,72325,7,2020-11-13,2020-12-03,2020-11-23,6.453423120089787,5.403695198201851,7.690493967678227
Derbyshire Dales,East Midlands,2021-01-17,1935,170,72325,8,2021-01-06,2021-01-22,2021-01-14,8.785529715762273,7.604480901372945,10.129896360697604
Doncaster,Yorkshire and The Humber,2020-11-22,7861,775,311890,7,2020-11-13,2020-12-03,2020-11-23,9.858796590764534,9.219276156828728,10.53752971085989
Doncaster,Yorkshire and The Humber,2021-01-17,8584,860,311890,8,2021-01-06,2021-01-22,2021-01-14,10.018639328984156,9.40125273232296,10.67179434343683
Dorset,South West,2020-11-22,9030,228,378508,7,2020-11-13,2020-12-03,2020-11-23,2.524916943521595,2.2209695776530487,2.8692399518899165
Dorset,South West,2021-01-17,13505,1285,378508,8,2021-01-06,2021-01-22,2021-01-14,9.514994446501296,9.031570908708247,10.021443124113093
Dover,South East,2020-11-22,4799,414,118131,7,2020-11-13,2020-12-03,2020-11-23,8.626797249426964,7.865176350086915,9.45460124309117
Dover,South East,2021-01-17,4361,443,118131,8,2021-01-06,2021-01-22,2021-01-14,10.15822059160743,9.29638505512502,11.09018493179758
Dudley,West Midlands,2020-11-22,10632,1253,321596,7,2020-11-13,2020-12-03,2020-11-23,11.78517682468021,11.186048903598286,12.41190964569158
Dudley,West Midlands,2021-01-17,12385,2335,321596,8,2021-01-06,2021-01-22,2021-01-14,18.85345175615664,18.17428925870886,19.551929729209338
Ealing,London,2020-11-22,8671,806,341806,7,2020-11-13,2020-12-03,2020-11-23,9.295352323838081,8.702078162799753,9.924676763973983
Ealing,London,2021-01-17,13196,3059,341806,8,2021-01-06,2021-01-22,2021-01-14,23.1812670506214,22.469140031900093,23.909003811106597
East Cambridgeshire,East of England,2020-11-22,2366,65,89840,7,2020-11-13,2020-12-03,2020-11-23,2.7472527472527473,2.161310733932619,3.486386006392691
East Cambridgeshire,East of England,2021-01-17,3125,239,89840,8,2021-01-06,2021-01-22,2021-01-14,7.648000000000001,6.7673249969511895,8.632670981186584
East Devon,South West,2020-11-22,4613,215,146284,7,2020-11-13,2020-12-03,2020-11-23,4.660741383047908,4.089247345786603,5.307684792565678
East Devon,South West,2021-01-17,5355,255,146284,8,2021-01-06,2021-01-22,2021-01-14,4.761904761904762,4.223236797618644,5.3654301328968534
East Hampshire,South East,2020-11-22,4382,138,122308,7,2020-11-13,2020-12-03,2020-11-23,3.14924691921497,2.6717917791259738,3.708773078226177
East Hampshire,South East,2021-01-17,5329,385,122308,8,2021-01-06,2021-01-22,2021-01-14,7.224620003753049,6.55989745770096,7.9509681811178154
East Hertfordshire,East of England,2020-11-22,3607,199,149748,7,2020-11-13,2020-12-03,2020-11-23,5.517050180205157,4.818184482893493,6.310563854673676
East Hertfordshire,East of England,2021-01-17,4829,686,149748,8,2021-01-06,2021-01-22,2021-01-14,14.205839718368193,13.249621714382261,15.218960806767235
East Lindsey,East Midlands,2020-11-22,4977,537,141727,7,2020-11-13,2020-12-03,2020-11-23,10.789632308619652,9.957738621479585,11.682007749325257
East Lindsey,East Midlands,2021-01-17,3938,179,141727,8,2021-01-06,2021-01-22,2021-01-14,4.545454545454546,3.937986823574165,5.24151627417215
East Riding of Yorkshire,Yorkshire and The Humber,2020-11-22,10826,840,341173,7,2020-11-13,2020-12-03,2020-11-23,7.7590984666543505,7.270005337442162,8.27815818114045
East Riding of Yorkshire,Yorkshire and The Humber,2021-01-17,10485,670,341173,8,2021-01-06,2021-01-22,2021-01-14,6.390081068192656,5.937723760840707,6.874381981215079
East Staffordshire,West Midlands,2020-11-22,4612,387,119754,7,2020-11-13,2020-12-03,2020-11-23,8.391153512575888,7.625194259652346,9.226369334116006
East Staffordshire,West Midlands,2021-01-17,4256,626,119754,8,2021-01-06,2021-01-22,2021-01-14,14.708646616541355,13.676366636913052,15.804576984128769
East Suffolk,East of England,2020-11-22,6892,175,249461,7,2020-11-13,2020-12-03,2020-11-23,2.539175856065003,2.193382412110411,2.9378471982815753
East Suffolk,East of England,2021-01-17,9297,880,249461,8,2021-01-06,2021-01-22,2021-01-14,9.46541895235022,8.886997510136698,10.07732380025301
Eastbourne,South East,2020-11-22,3844,103,103745,7,2020-11-13,2020-12-03,2020-11-23,2.679500520291363,2.214327088363264,3.239157964656757
Eastbourne,South East,2021-01-17,5218,841,103745,8,2021-01-06,2021-01-22,2021-01-14,16.117286316596395,15.144617689594094,17.13980672495767
Eastleigh,South East,2020-11-22,3933,95,133584,7,2020-11-13,2020-12-03,2020-11-23,2.4154589371980677,1.9800643943153147,2.94371678529969
Eastleigh,South East,2021-01-17,5397,511,133584,8,2021-01-06,2021-01-22,2021-01-14,9.46822308690013,8.715697940446514,10.278406342049728
Eden,North West,2020-11-22,1294,40,53253,7,2020-11-13,2020-12-03,2020-11-23,3.091190108191654,2.2782201754141878,4.181849215255309
Eden,North West,2021-01-17,1739,201,53253,8,2021-01-06,2021-01-22,2021-01-14,11.558366877515812,10.139655844660956,13.14653905084661
Elmbridge,South East,2020-11-22,3592,147,136795,7,2020-11-13,2020-12-03,2020-11-23,4.0924276169265035,3.4920790988060837,4.790862800372514
Elmbridge,South East,2021-01-17,4484,518,136795,8,2021-01-06,2021-01-22,2021-01-14,11.552185548617306,10.649315837258627,12.520875631446721
Enfield,London,2020-11-22,8705,670,333794,7,2020-11-13,2020-12-03,2020-11-23,7.696726019529006,7.155279445867784,8.275492433204523
Enfield,London,2021-01-17,11233,2290,333794,8,2021-01-06,2021-01-22,2021-01-14,20.386361613104246,19.65153105142923,21.141439781335087
Epping Forest,East of England,2020-11-22,3644,276,131689,7,2020-11-13,2020-12-03,2020-11-23,7.574094401756312,6.75900767648384,8.478536638295438
Epping Forest,East of England,2021-01-17,4509,715,131689,8,2021-01-06,2021-01-22,2021-01-14,15.857174539809272,14.820118263058143,16.952357502030864
Epsom and Ewell,South East,2020-11-22,2194,126,80627,7,2020-11-13,2020-12-03,2020-11-23,5.742935278030994,4.844529640875681,6.796048790926772
Epsom and Ewell,South East,2021-01-17,2732,407,80627,8,2021-01-06,2021-01-22,2021-01-14,14.897510980966326,13.611659391549752,16.28193901795864
Erewash,East Midlands,2020-11-22,2986,176,115371,7,2020-11-13,2020-12-03,2020-11-23,5.8941728064300065,5.104744924783535,6.796938282226756
Erewash,East Midlands,2021-01-17,4038,580,115371,8,2021-01-06,2021-01-22,2021-01-14,14.363546310054481,13.315654304145074,15.479177721757129
Exeter,South West,2020-11-22,3616,160,131405,7,2020-11-13,2020-12-03,2020-11-23,4.424778761061947,3.8014824390564437,5.144806024256484
Exeter,South West,2021-01-17,4136,275,131405,8,2021-01-06,2021-01-22,2021-01-14,6.648936170212766,5.929184372349489,7.449140965221904
Fareham,South East,2020-11-22,3030,105,116233,7,2020-11-13,2020-12-03,2020-11-23,3.4653465346534658,2.8707784796262095,4.177759215017134
Fareham,South East,2021-01-17,3792,422,116233,8,2021-01-06,2021-01-22,2021-01-14,11.128691983122362,10.1668038330047,12.169257038307473
Fenland,East of England,2020-11-22,3000,137,101850,7,2020-11-13,2020-12-03,2020-11-23,4.566666666666666,3.8759607811679593,5.373577273006661
Fenland,East of England,2021-01-17,4500,471,101850,8,2021-01-06,2021-01-22,2021-01-14,10.466666666666667,9.60571805251511,11.395053565861474
Folkestone and Hythe,South East,2020-11-22,4186,243,112996,7,2020-11-13,2020-12-03,2020-11-23,5.805064500716674,5.136371816914415,6.554797494264456
Folkestone and Hythe,South East,2021-01-17,4565,681,112996,8,2021-01-06,2021-01-22,2021-01-14,14.917853231106243,13.913888390923335,15.98081185488568
Forest of Dean,South West,2020-11-22,2555,101,86791,7,2020-11-13,2020-12-03,2020-11-23,3.9530332681017613,3.26402651140705,4.780295973330292
Forest of Dean,South West,2021-01-17,3155,210,86791,8,2021-01-06,2021-01-22,2021-01-14,6.656101426307448,5.837980305600192,7.57964334997032
Fylde,North West,2020-11-22,2588,175,80780,7,2020-11-13,2020-12-03,2020-11-23,6.761978361669242,5.857273172503358,7.794852717237384
Fylde,North West,2021-01-17,2858,286,80780,8,2021-01-06,2021-01-22,2021-01-14,10.00699790062981,8.9599054183671,11.161455848723723
Gateshead,North East,2020-11-22,5960,490,202055,7,2020-11-13,2020-12-03,2020-11-23,8.221476510067115,7.550711075165559,8.946063120023084
Gateshead,North East,2021-01-17,6675,605,202055,8,2021-01-06,2021-01-22,2021-01-14,9.063670411985019,8.398290490274817,9.776140903325384
Gedling,East Midlands,2020-11-22,2822,225,117896,7,2020-11-13,2020-12-03,2020-11-23,7.973068745570518,7.02984599595724,9.030554611587648
Gedling,East Midlands,2021-01-17,3414,480,117896,8,2021-01-06,2021-01-22,2021-01-14,14.059753954305801,12.934091039087175,15.266206442038879
Gloucester,South West,2020-11-22,4203,270,129128,7,2020-11-13,2020-12-03,2020-11-23,6.423982869379015,5.72181506742311,7.205733169042864
Gloucester,South West,2021-01-17,5446,510,129128,8,2021-01-06,2021-01-22,2021-01-14,9.364671318398825,8.619300274226372,10.167328044356786
Gosport,South East,2020-11-22,2885,134,84838,7,2020-11-13,2020-12-03,2020-11-23,4.6447140381282495,3.9352304707840196,5.474820675867256
Gosport,South East,2021-01-17,3525,333,84838,8,2021-01-06,2021-01-22,2021-01-14,9.446808510638299,8.524946946812442,10.45696160978644
Gravesham,South East,2020-11-22,3268,462,106939,7,2020-11-13,2020-12-03,2020-11-23,14.137086903304773,12.984642405913641,15.373744468832005
Gravesham,South East,2021-01-17,3457,814,106939,8,2021-01-06,2021-01-22,2021-01-14,23.54642753832803,22.16191118973572,24.98966966819689
Great Yarmouth,East of England,2020-11-22,2965,93,99336,7,2020-11-13,2020-12-03,2020-11-23,3.136593591905565,2.567311681994396,3.827150988171372
Great Yarmouth,East of England,2021-01-17,4062,537,99336,8,2021-01-06,2021-01-22,2021-01-14,13.220088626292467,12.213141694814455,14.296535815663885
Greenwich,London,2020-11-22,7587,520,287942,7,2020-11-13,2020-12-03,2020-11-23,6.853828917885857,6.306846813401743,7.444480552390245
Greenwich,London,2021-01-17,10486,2105,287942,8,2021-01-06,2021-01-22,2021-01-14,20.074384894144572,19.318738033656516,20.851949725188117
Guildford,South East,2020-11-22,4406,181,148998,7,2020-11-13,2020-12-03,2020-11-23,4.108034498411257,3.5608551783181612,4.735167756677094
Guildford,South East,2021-01-17,4953,601,148998,8,2021-01-06,2021-01-22,2021-01-14,12.13406016555623,11.253942364339101,13.072868747904575
Hackney,London,2020-11-22,6263,425,281120,7,2020-11-13,2020-12-03,2020-11-23,6.785885358454415,6.189127446389541,7.435622189152882
Hackney,London,2021-01-17,10482,1846,281120,8,2021-01-06,2021-01-22,2021-01-14,17.61114291165808,16.893833152651553,18.352183805880195
Halton,North West,2020-11-22,3642,235,129410,7,2020-11-13,2020-12-03,2020-11-23,6.452498627127952,5.699566420213228,7.297198912911427
Halton,North West,2021-01-17,5290,1015,129410,8,2021-01-06,2021-01-22,2021-01-14,19.187145557655956,18.148531403929745,20.27047820641419
Hambleton,Yorkshire and The Humber,2020-11-22,2332,116,91594,7,2020-11-13,2020-12-03,2020-11-23,4.974271012006861,4.163533537162845,5.933104568565631
Hambleton,Yorkshire and The Humber,2021-01-17,2794,295,91594,8,2021-01-06,2021-01-22,2021-01-14,10.55833929849678,9.472519250974614,11.752466780614238
Hammersmith and Fulham,London,2020-11-22,4797,278,185143,7,2020-11-13,2020-12-03,2020-11-23,5.7952887221179905,5.168772082380706,6.492547368026987
Hammersmith and Fulham,London,2021-01-17,6852,1061,185143,8,2021-01-06,2021-01-22,2021-01-14,15.484530064214827,14.647333861150324,16.360405620421208
Harborough,East Midlands,2020-11-22,2671,228,93807,7,2020-11-13,2020-12-03,2020-11-23,8.536128790715088,7.535105342244061,9.656248459466218
Harborough,East Midlands,2021-01-17,2589,270,93807,8,2021-01-06,2021-01-22,2021-01-14,10.428736964078796,9.309489981121123,11.665238611349405
Haringey,London,2020-11-22,5739,381,268647,7,2020-11-13,2020-12-03,2020-11-23,6.638787245164663,6.023248244754798,7.312335965817532
Haringey,London,2021-01-17,8736,1765,268647,8,2021-01-06,2021-01-22,2021-01-14,20.20375457875458,19.374959520131476,21.058742572418048
Harlow,East of England,2020-11-22,2713,215,87067,7,2020-11-13,2020-12-03,2020-11-23,7.92480648728345,6.96681991945398,9.001776901393
Harlow,East of England,2021-01-17,3952,675,87067,8,2021-01-06,2021-01-22,2021-01-14,17.07995951417004,15.938751811493585,18.285103540492592
Harrogate,Yorkshire and The Humber,2020-11-22,4608,203,160831,7,2020-11-13,2020-12-03,2020-11-23,4.405381944444445,3.849874277056041,5.036846189815684
Harrogate,Yorkshire and The Humber,2021-01-17,5677,465,160831,8,2021-01-06,2021-01-22,2021-01-14,8.190945922141976,7.505555716105556,8.932879779585136
Harrow,London,2020-11-22,6203,427,251160,7,2020-11-13,2020-12-03,2020-11-23,6.883765919716265,6.28003383871729,7.540867895474655
Harrow,London,2021-01-17,8523,1760,251160,8,2021-01-06,2021-01-22,2021-01-14,20.650005866478942,19.80394002017572,21.522516861175273
Hart,South East,2020-11-22,2374,75,97073,7,2020-11-13,2020-12-03,2020-11-23,3.1592249368155008,2.5278029252536576,3.941991696671758
Hart,South East,2021-01-17,2719,347,97073,8,2021-01-06,2021-01-22,2021-01-14,12.762044869437291,11.560195702348633,14.068966677268588
Hartlepool,North East,2020-11-22,2715,315,93663,7,2020-11-13,2020-12-03,2020-11-23,11.602209944751381,10.451460132726394,12.861464450070898
Hartlepool,North East,2021-01-17,3160,390,93663,8,2021-01-06,2021-01-22,2021-01-14,12.341772151898734,11.240475363894593,13.534516336001365
Hastings,South East,2020-11-22,3740,88,92661,7,2020-11-13,2020-12-03,2020-11-23,2.3529411764705883,1.9138360291301628,2.889825151472927
Hastings,South East,2021-01-17,3954,475,92661,8,2021-01-06,2021-01-22,2021-01-14,12.01315123925139,11.036474308263656,13.063567816842264
Havant,South East,2020-11-22,3976,190,126220,7,2020-11-13,2020-12-03,2020-11-23,4.778672032193159,4.158156178525938,5.486485769960975
Havant,South East,2021-01-17,4723,534,126220,8,2021-01-06,2021-01-22,2021-01-14,11.306373067965277,10.43451538275167,12.241122633847034
Havering,London,2020-11-22,7803,872,259552,7,2020-11-13,2020-12-03,2020-11-23,11.175189029860311,10.495148389409312,11.893438186098319
Havering,London,2021-01-17,9020,1660,259552,8,2021-01-06,2021-01-22,2021-01-14,18.403547671840354,17.617347795798874,19.21664883400317
"Herefordshire, County of",West Midlands,2020-11-22,5865,200,192801,7,2020-11-13,2020-12-03,2020-11-23,3.410059676044331,2.9752332818088747,3.9058770983962745
"Herefordshire, County of",West Midlands,2021-01-17,7376,620,192801,8,2021-01-06,2021-01-22,2021-01-14,8.405639913232104,7.793861843295695,9.06072054524604
Hertsmere,East of England,2020-11-22,4043,171,104919,7,2020-11-13,2020-12-03,2020-11-23,4.229532525352461,3.6513737419652457,4.8945864183192915
Hertsmere,East of England,2021-01-17,5201,613,104919,8,2021-01-06,2021-01-22,2021-01-14,11.78619496250721,10.937954371813042,12.690843326462092
High Peak,East Midlands,2020-11-22,2336,122,92666,7,2020-11-13,2020-12-03,2020-11-23,5.222602739726027,4.3916550544854,6.200577931488313
High Peak,East Midlands,2021-01-17,2907,290,92666,8,2021-01-06,2021-01-22,2021-01-14,9.975920192638458,8.938793691610726,11.118686836965818
Hillingdon,London,2020-11-22,8556,610,306870,7,2020-11-13,2020-12-03,2020-11-23,7.1294997662459085,6.603290264842205,7.694187845100557
Hillingdon,London,2021-01-17,11775,2310,306870,8,2021-01-06,2021-01-22,2021-01-14,19.61783439490446,18.910537453382943,20.344948538052044
Hinckley and Bosworth,East Midlands,2020-11-22,2930,159,113136,7,2020-11-13,2020-12-03,2020-11-23,5.426621160409556,4.663163477669318,6.306804168437353
Hinckley and Bosworth,East Midlands,2021-01-17,3276,390,113136,8,2021-01-06,2021-01-22,2021-01-14,11.904761904761903,10.840180228284693,13.058580387496214
Horsham,South East,2020-11-22,3638,122,143791,7,2020-11-13,2020-12-03,2020-11-23,3.3534909290819135,2.8159328131091086,3.989455659264164
Horsham,South East,2021-01-17,5122,483,143791,8,2021-01-06,2021-01-22,2021-01-14,9.429910191331512,8.659697130071212,10.26093212879444
Hounslow,London,2020-11-22,6781,540,271523,7,2020-11-13,2020-12-03,2020-11-23,7.963427223123433,7.342606251968115,8.63184894199425
Hounslow,London,2021-01-17,10647,2500,271523,8,2021-01-06,2021-01-22,2021-01-14,23.480792711561943,22.685297177417986,24.295417709448245
Huntingdonshire,East of England,2020-11-22,4212,131,177963,7,2020-11-13,2020-12-03,2020-11-23,3.1101614434947766,2.6271419704829846,3.6786326042340276
Huntingdonshire,East of England,2021-01-17,6039,618,177963,8,2021-01-06,2021-01-22,2021-01-14,10.233482364629905,9.494162784571525,11.023361417737407
Hyndburn,North West,2020-11-22,2785,251,81043,7,2020-11-13,2020-12-03,2020-11-23,9.012567324955116,8.004727485034934,10.133322536445927
Hyndburn,North West,2021-01-17,3350,555,81043,8,2021-01-06,2021-01-22,2021-01-14,16.567164179104477,15.346618081145852,17.864297595600306
Ipswich,East of England,2020-11-22,4986,225,136913,7,2020-11-13,2020-12-03,2020-11-23,4.512635379061372,3.970629874776823,5.124678314192285
Ipswich,East of England,2021-01-17,5516,630,136913,8,2021-01-06,2021-01-22,2021-01-14,11.421319796954315,10.608650630605199,12.287685582114792
Isle of Wight,South East,2020-11-22,4252,63,141771,7,2020-11-13,2020-12-03,2020-11-23,1.4816556914393226,1.159833478049079,1.8910663281827431
Isle of Wight,South East,2021-01-17,6581,820,141771,8,2021-01-06,2021-01-22,2021-01-14,12.460112444917186,11.684012214893693,13.280012645852102
Islington,London,2020-11-22,5003,304,242467,7,2020-11-13,2020-12-03,2020-11-23,6.0763541874875076,5.447475266623523,6.772633235969377
Islington,London,2021-01-17,6866,1180,242467,8,2021-01-06,2021-01-22,2021-01-14,17.186134576172442,16.312190911491236,18.096775772675603
Kensington and Chelsea,London,2020-11-22,3593,210,156129,7,2020-11-13,2020-12-03,2020-11-23,5.844698023935431,5.123768291750409,6.659944270316761
Kensington and Chelsea,London,2021-01-17,4724,635,156129,8,2021-01-06,2021-01-22,2021-01-14,13.441998306519897,12.498944521260722,14.444460199811276
King's Lynn and West Norfolk,East of England,2020-11-22,4187,151,151383,7,2020-11-13,2020-12-03,2020-11-23,3.6064007642703606,3.082834040366274,4.215019190921511
King's Lynn and West Norfolk,East of England,2021-01-17,5708,689,151383,8,2021-01-06,2021-01-22,2021-01-14,12.070777855641206,11.251023374847954,12.941550399880002
"Kingston upon Hull, City of",Yorkshire and The Humber,2020-11-22,9526,965,259778,7,2020-11-13,2020-12-03,2020-11-23,10.130170060885996,9.540240474284523,10.752242534766545
"Kingston upon Hull, City of",Yorkshire and The Humber,2021-01-17,8335,605,259778,8,2021-01-06,2021-01-22,2021-01-14,7.258548290341932,6.721015881791254,7.835460156456385
Kingston upon Thames,London,2020-11-22,4528,345,177507,7,2020-11-13,2020-12-03,2020-11-23,7.619257950530035,6.881919820935371,8.42844496400682
Kingston upon Thames,London,2021-01-17,5288,825,177507,8,2021-01-06,2021-01-22,2021-01-14,15.601361573373676,14.648340367726135,16.604324166733647
Kirklees,Yorkshire and The Humber,2020-11-22,11427,1440,439787,7,2020-11-13,2020-12-03,2020-11-23,12.601732738251508,12.00579018162546,13.222811485274189
Kirklees,Yorkshire and The Humber,2021-01-17,10228,1170,439787,8,2021-01-06,2021-01-22,2021-01-14,11.439186546734454,10.836771809753051,12.070555949905588
Knowsley,North West,2020-11-22,4973,233,150862,7,2020-11-13,2020-12-03,2020-11-23,4.685300623366177,4.132126073351772,5.308428999745274
Knowsley,North West,2021-01-17,7368,1540,150862,8,2021-01-06,2021-01-22,2021-01-14,20.901194353963085,19.988057265530973,21.84465815634993
Lambeth,London,2020-11-22,10296,480,326034,7,2020-11-13,2020-12-03,2020-11-23,4.662004662004662,4.27141518639547,5.086412918766952
Lambeth,London,2021-01-17,13474,2269,326034,8,2021-01-06,2021-01-22,2021-01-14,16.839839691257236,16.217442238312575,17.481139783872038
Lancaster,North West,2020-11-22,3958,212,146038,7,2020-11-13,2020-12-03,2020-11-23,5.356240525517938,4.697099796001222,6.101955725721952
Lancaster,North West,2021-01-17,5445,781,146038,8,2021-01-06,2021-01-22,2021-01-14,14.343434343434344,13.437547542303701,15.299597237085663
Leeds,Yorkshire and The Humber,2020-11-22,20463,1962,793139,7,2020-11-13,2020-12-03,2020-11-23,9.588036944729513,9.192183527182449,9.999060352453377
Leeds,Yorkshire and The Humber,2021-01-17,20648,2498,793139,8,2021-01-06,2021-01-22,2021-01-14,12.098024021697016,11.660258804576571,12.549889567859202
Leicester,East Midlands,2020-11-22,11226,1319,354224,7,2020-11-13,2020-12-03,2020-11-23,11.749510065918404,11.166885164671552,12.358304113451418
Leicester,East Midlands,2021-01-17,14147,2300,354224,8,2021-01-06,2021-01-22,2021-01-14,16.25786385806178,15.659014670135043,16.8750326670356
Lewes,South East,2020-11-22,3144,90,103268,7,2020-11-13,2020-12-03,2020-11-23,2.8625954198473282,2.3347606288425817,3.505478189587886
Lewes,South East,2021-01-17,4238,507,103268,8,2021-01-06,2021-01-22,2021-01-14,11.96319018404908,11.020407394129892,12.9748660903174
Lewisham,London,2020-11-22,6121,325,305842,7,2020-11-13,2020-12-03,2020-11-23,5.3095899362849215,4.775375874721145,5.899863039080682
Lewisham,London,2021-01-17,9865,1925,305842,8,2021-01-06,2021-01-22,2021-01-14,19.51343132285859,18.74332203496981,20.30727448035024
Lichfield,West Midlands,2020-11-22,3686,245,104756,7,2020-11-13,2020-12-03,2020-11-23,6.646771568095497,5.886902310798976,7.496910092309811
Lichfield,West Midlands,2021-01-17,3942,426,104756,8,2021-01-06,2021-01-22,2021-01-14,10.80669710806697,9.875398868920591,11.81430832667672
Lincoln,East Midlands,2020-11-22,3561,360,99299,7,2020-11-13,2020-12-03,2020-11-23,10.109519797809604,9.161994294439689,11.14301694328734
Lincoln,East Midlands,2021-01-17,3109,315,99299,8,2021-01-06,2021-01-22,2021-01-14,10.131875201029269,9.119906000643494,11.242244375650522
Liverpool,North West,2020-11-22,15488,620,498042,7,2020-11-13,2020-12-03,2020-11-23,4.003099173553719,3.7056036657988676,4.323406068950771
Liverpool,North West,2021-01-17,20304,3540,498042,8,2021-01-06,2021-01-22,2021-01-14,17.43498817966903,16.919286648068574,17.963009794834928
Luton,East of England,2020-11-22,7397,665,213052,7,2020-11-13,2020-12-03,2020-11-23,8.990131134243612,8.359389429509045,9.6634457608186
Luton,East of England,2021-01-17,8739,1582,213052,8,2021-01-06,2021-01-22,2021-01-14,18.102757752603274,17.30954849743741,18.92399724099806
Maidstone,South East,2020-11-22,6013,592,171826,7,2020-11-13,2020-12-03,2020-11-23,9.845335107267587,9.117746663008301,10.624197128435926
Maidstone,South East,2021-01-17,5817,757,171826,8,2021-01-06,2021-01-22,2021-01-14,13.013580883616985,12.173315932337536,13.902664139591955
Maldon,East of England,2020-11-22,1524,44,64926,7,2020-11-13,2020-12-03,2020-11-23,2.8871391076115485,2.157663358516003,3.8535270232127687
Maldon,East of England,2021-01-17,2558,305,64926,8,2021-01-06,2021-01-22,2021-01-14,11.923377638780297,10.724295720684744,13.236650680083828
Malvern Hills,West Midlands,2020-11-22,2351,68,78698,7,2020-11-13,2020-12-03,2020-11-23,2.89238621863037,2.2879886780078706,3.6504772979872513
Malvern Hills,West Midlands,2021-01-17,2955,250,78698,8,2021-01-06,2021-01-22,2021-01-14,8.460236886632826,7.509990029765716,9.51834575073637
Manchester,North West,2020-11-22,15423,1397,552858,7,2020-11-13,2020-12-03,2020-11-23,9.057900538157297,8.615077178410393,9.521113993898284
Manchester,North West,2021-01-17,17337,2521,552858,8,2021-01-06,2021-01-22,2021-01-14,14.541154755724751,14.02427532043836,15.073744350654625
Mansfield,East Midlands,2020-11-22,3593,241,109313,7,2020-11-13,2020-12-03,2020-11-23,6.707486779849709,5.934911445713566,7.57253569597914
Mansfield,East Midlands,2021-01-17,4034,631,109313,8,2021-01-06,2021-01-22,2021-01-14,15.642042637580566,14.553826771920395,16.795632381693828
Medway,South East,2020-11-22,9907,1484,278556,7,2020-11-13,2020-12-03,2020-11-23,14.979307560310891,14.290162062065756,15.695601217153508
Medway,South East,2021-01-17,8541,1440,278556,8,2021-01-06,2021-01-22,2021-01-14,16.859852476290833,16.080779748254646,17.66872248322039
Melton,East Midlands,2020-11-22,1581,106,51209,7,2020-11-13,2020-12-03,2020-11-23,6.7046173308032895,5.573772315255454,8.045347604872406
Melton,East Midlands,2021-01-17,1477,135,51209,8,2021-01-06,2021-01-22,2021-01-14,9.140148950575492,7.774556720085099,10.71773070133642
Mendip,South West,2020-11-22,3137,159,115587,7,2020-11-13,2020-12-03,2020-11-23,5.068536818616512,4.354390749612033,5.892591246783843
Mendip,South West,2021-01-17,4042,370,115587,8,2021-01-06,2021-01-22,2021-01-14,9.153884215734784,8.303234808262012,10.082099031228413
Merton,London,2020-11-22,4740,345,206548,7,2020-11-13,2020-12-03,2020-11-23,7.2784810126582276,6.573012983553146,8.053138940865955
Merton,London,2021-01-17,6929,1295,206548,8,2021-01-06,2021-01-22,2021-01-14,18.68956559388079,17.78912566416301,19.624703488392246
Mid Devon,South West,2020-11-22,2188,63,82311,7,2020-11-13,2020-12-03,2020-11-23,2.8793418647166362,2.256994914008915,3.6668577578241326
Mid Devon,South West,2021-01-17,2774,155,82311,8,2021-01-06,2021-01-22,2021-01-14,5.58759913482336,4.792686281286207,6.505347226858367
Mid Suffolk,East of England,2020-11-22,2552,45,103895,7,2020-11-13,2020-12-03,2020-11-23,1.763322884012539,1.3204471770523192,2.3511991411036606
Mid Suffolk,East of England,2021-01-17,3299,315,103895,8,2021-01-06,2021-01-22,2021-01-14,9.548347984237648,8.592041457003285,10.598751280805336
Mid Sussex,South East,2020-11-22,4575,169,151022,7,2020-11-13,2020-12-03,2020-11-23,3.6939890710382515,3.185141272798326,4.280534529585478
Mid Sussex,South East,2021-01-17,5788,555,151022,8,2021-01-06,2021-01-22,2021-01-14,9.588804422944023,8.85684764047552,10.374366935061033
Middlesbrough,North East,2020-11-22,4532,370,140980,7,2020-11-13,2020-12-03,2020-11-23,8.164165931156223,7.401951486741676,8.997242920156552
Middlesbrough,North East,2021-01-17,5622,780,140980,8,2021-01-06,2021-01-22,2021-01-14,13.874066168623267,12.995115384183226,14.802352252747152
Milton Keynes,South East,2020-11-22,6308,455,269457,7,2020-11-13,2020-12-03,2020-11-23,7.213062777425491,6.600348081104131,7.877858711362365
Milton Keynes,South East,2021-01-17,9688,1616,269457,8,2021-01-06,2021-01-22,2021-01-14,16.680429397192402,15.951316550771338,17.435955337335184
Mole Valley,South East,2020-11-22,2488,100,87245,7,2020-11-13,2020-12-03,2020-11-23,4.019292604501608,3.3157481539513345,4.864606101698844
Mole Valley,South East,2021-01-17,3202,328,87245,8,2021-01-06,2021-01-22,2021-01-14,10.243597751405371,9.24052653057864,11.341946660825666
New Forest,South East,2020-11-22,5536,112,180086,7,2020-11-13,2020-12-03,2020-11-23,2.023121387283237,1.6841576966336744,2.4286217125661764
New Forest,South East,2021-01-17,7323,587,180086,8,2021-01-06,2021-01-22,2021-01-14,8.015840502526288,7.415706146923327,8.659999400147102
Newark and Sherwood,East Midlands,2020-11-22,3373,258,122421,7,2020-11-13,2020-12-03,2020-11-23,7.648977171657279,6.7994337724039164,8.59487671448048
Newark and Sherwood,East Midlands,2021-01-17,3703,400,122421,8,2021-01-06,2021-01-22,2021-01-14,10.80205238995409,9.842592772911809,11.842754921360248
Newcastle-under-Lyme,West Midlands,2020-11-22,4575,449,129441,7,2020-11-13,2020-12-03,2020-11-23,9.814207650273223,8.985541014883838,10.710302724876666
Newcastle-under-Lyme,West Midlands,2021-01-17,3888,403,129441,8,2021-01-06,2021-01-22,2021-01-14,10.36522633744856,9.445918272374785,11.36277774953594
Newcastle upon Tyne,North East,2020-11-22,8831,755,302820,7,2020-11-13,2020-12-03,2020-11-23,8.549428150832297,7.9841164428542735,9.150785930626089
Newcastle upon Tyne,North East,2021-01-17,9757,925,302820,8,2021-01-06,2021-01-22,2021-01-14,9.480373065491442,8.914950728931062,10.07768906182603
Newham,London,2020-11-22,7601,885,353134,7,2020-11-13,2020-12-03,2020-11-23,11.64320484146823,10.94144598099496,12.383714292573309
Newham,London,2021-01-17,11949,3085,353134,8,2021-01-06,2021-01-22,2021-01-14,25.818060088710354,25.041238274554008,26.610425307620076
North Devon,South West,2020-11-22,3168,124,97145,7,2020-11-13,2020-12-03,2020-11-23,3.9141414141414144,3.292751111466643,4.647162093222031
North Devon,South West,2021-01-17,3256,80,97145,8,2021-01-06,2021-01-22,2021-01-14,2.457002457002457,1.9786473278424448,3.04740872090683
North East Derbyshire,East Midlands,2020-11-22,2831,211,101462,7,2020-11-13,2020-12-03,2020-11-23,7.453196750264925,6.542335899329195,8.479366901569096
North East Derbyshire,East Midlands,2021-01-17,3168,355,101462,8,2021-01-06,2021-01-22,2021-01-14,11.205808080808081,10.1540302066795,12.351554264938567
North East Lincolnshire,Yorkshire and The Humber,2020-11-22,4734,525,159563,7,2020-11-13,2020-12-03,2020-11-23,11.08998732572877,10.226853368772863,12.016218037905398
North East Lincolnshire,Yorkshire and The Humber,2021-01-17,4043,188,159563,8,2021-01-06,2021-01-22,2021-01-14,4.650012367054168,4.042884092629588,5.3432374712081305
North Hertfordshire,East of England,2020-11-22,3640,142,133570,7,2020-11-13,2020-12-03,2020-11-23,3.901098901098901,3.3191546740611004,4.580241116716586
North Hertfordshire,East of England,2021-01-17,5031,751,133570,8,2021-01-06,2021-01-22,2021-01-14,14.927449811170742,13.969511083851662,15.938907505626743
North Kesteven,East Midlands,2020-11-22,3465,247,116915,7,2020-11-13,2020-12-03,2020-11-23,7.128427128427129,6.318351396676516,8.03345639652098
North Kesteven,East Midlands,2021-01-17,3279,279,116915,8,2021-01-06,2021-01-22,2021-01-14,8.508691674290942,7.601578348216452,9.512908168062843
North Lincolnshire,Yorkshire and The Humber,2020-11-22,5670,540,172292,7,2020-11-13,2020-12-03,2020-11-23,9.523809523809524,8.786918241119187,10.31550939431866
North Lincolnshire,Yorkshire and The Humber,2021-01-17,5065,249,172292,8,2021-01-06,2021-01-22,2021-01-14,4.91609081934847,4.354085952926537,5.546430030807771
North Norfolk,East of England,2020-11-22,3098,96,104837,7,2020-11-13,2020-12-03,2020-11-23,3.0987734021949644,2.5442833236086213,3.769432622890855
North Norfolk,East of England,2021-01-17,3605,287,104837,8,2021-01-06,2021-01-22,2021-01-14,7.961165048543689,7.121623362215288,8.89020385198222
North Northamptonshire,East Midlands,2020-11-22,10304,510,NA,7,2020-11-13,2020-12-03,2020-11-23,4.949534161490683,4.54726700316625,5.385379544715662
North Northamptonshire,East Midlands,2021-01-17,13655,1775,NA,8,2021-01-06,2021-01-22,2021-01-14,12.998901501281582,12.445240710783276,13.573374920234771
North Somerset,South West,2020-11-22,7494,452,215052,7,2020-11-13,2020-12-03,2020-11-23,6.03149186015479,5.514678743409157,6.593358800551993
North Somerset,South West,2021-01-17,8461,725,215052,8,2021-01-06,2021-01-22,2021-01-14,8.568727100815506,7.990961078015392,9.184097260563826
North Tyneside,North East,2020-11-22,6408,550,207913,7,2020-11-13,2020-12-03,2020-11-23,8.583021223470661,7.921755411812873,9.29391446882887
North Tyneside,North East,2021-01-17,6595,505,207913,8,2021-01-06,2021-01-22,2021-01-14,7.657316148597422,7.03990786568877,8.324023290218738
North Warwickshire,West Midlands,2020-11-22,2178,200,65264,7,2020-11-13,2020-12-03,2020-11-23,9.182736455463727,8.040739651995146,10.46846307618906
North Warwickshire,West Midlands,2021-01-17,2210,307,65264,8,2021-01-06,2021-01-22,2021-01-14,13.891402714932127,12.51200458005706,15.396112162404535
North West Leicestershire,East Midlands,2020-11-22,2700,246,103611,7,2020-11-13,2020-12-03,2020-11-23,9.11111111111111,8.082976804914978,10.255430471263116
North West Leicestershire,East Midlands,2021-01-17,3222,435,103611,8,2021-01-06,2021-01-22,2021-01-14,13.500931098696462,12.364322444330814,14.72446880519804
Northumberland,North East,2020-11-22,9966,705,322434,7,2020-11-13,2020-12-03,2020-11-23,7.074051776038531,6.587043356205849,7.59413961105002
Northumberland,North East,2021-01-17,11244,915,322434,8,2021-01-06,2021-01-22,2021-01-14,8.137673425827108,7.6464880948192055,8.657453115007979
Norwich,East of England,2020-11-22,3789,174,140573,7,2020-11-13,2020-12-03,2020-11-23,4.592240696753761,3.970498099953807,5.305962902718633
Norwich,East of England,2021-01-17,5246,785,140573,8,2021-01-06,2021-01-22,2021-01-14,14.96378192908883,14.024144327645727,15.954693531854819
Nottingham,East Midlands,2020-11-22,8745,663,332900,7,2020-11-13,2020-12-03,2020-11-23,7.58147512864494,7.045124723059505,8.155075955853599
Nottingham,East Midlands,2021-01-17,10921,1535,332900,8,2021-01-06,2021-01-22,2021-01-14,14.055489424045417,13.416268608458157,14.719988291992156
Nuneaton and Bedworth,West Midlands,2020-11-22,4449,375,129883,7,2020-11-13,2020-12-03,2020-11-23,8.428860418071476,7.647930312587928,9.281517227642802
Nuneaton and Bedworth,West Midlands,2021-01-17,4413,576,129883,8,2021-01-06,2021-01-22,2021-01-14,13.052345343303875,12.090465918439431,14.078493723804694
Oadby and Wigston,East Midlands,2020-11-22,2420,225,57015,7,2020-11-13,2020-12-03,2020-11-23,9.297520661157025,8.204146886364605,10.519910216013205
Oadby and Wigston,East Midlands,2021-01-17,2428,215,57015,8,2021-01-06,2021-01-22,2021-01-14,8.85502471169687,7.789026112149531,10.051012647247342
Oldham,North West,2020-11-22,7389,814,237110,7,2020-11-13,2020-12-03,2020-11-23,11.016375693598594,10.322643077989643,11.750621551183203
Oldham,North West,2021-01-17,6194,725,237110,8,2021-01-06,2021-01-22,2021-01-14,11.704875686147885,10.927909952080793,12.529312509645854
Oxford,South East,2020-11-22,4473,240,152457,7,2020-11-13,2020-12-03,2020-11-23,5.365526492287056,4.742641242778258,6.065011055638168
Oxford,South East,2021-01-17,5473,802,152457,8,2021-01-06,2021-01-22,2021-01-14,14.653754796272612,13.741628255788013,15.615465078202783
Pendle,North West,2020-11-22,2794,315,92112,7,2020-11-13,2020-12-03,2020-11-23,11.274158911954189,10.154188821514865,12.500470784818294
Pendle,North West,2021-01-17,3310,595,92112,8,2021-01-06,2021-01-22,2021-01-14,17.97583081570997,16.70505945603008,19.320848049078798
Peterborough,East of England,2020-11-22,5658,460,202259,7,2020-11-13,2020-12-03,2020-11-23,8.130081300813007,7.446048341511504,8.870930251759127
Peterborough,East of England,2021-01-17,7976,1153,202259,8,2021-01-06,2021-01-22,2021-01-14,14.455867602808425,13.701231430205912,15.244725337737892
Plymouth,South West,2020-11-22,8565,285,262100,7,2020-11-13,2020-12-03,2020-11-23,3.327495621716287,2.9680936235460535,3.7287447014294486
Plymouth,South West,2021-01-17,10680,850,262100,8,2021-01-06,2021-01-22,2021-01-14,7.9588014981273405,7.460480169612765,8.487355310611292
Portsmouth,South East,2020-11-22,5660,345,214905,7,2020-11-13,2020-12-03,2020-11-23,6.095406360424029,5.501402500409157,6.748966156010888
Portsmouth,South East,2021-01-17,7383,1080,214905,8,2021-01-06,2021-01-22,2021-01-14,14.628199918732223,13.840502956552658,15.45268643817615
Preston,North West,2020-11-22,4451,360,143135,7,2020-11-13,2020-12-03,2020-11-23,8.088070096607504,7.322750253464607,8.925672176641646
Preston,North West,2021-01-17,5744,797,143135,8,2021-01-06,2021-01-22,2021-01-14,13.87534818941504,13.005486685823875,14.793496119601821
Reading,South East,2020-11-22,4588,255,161780,7,2020-11-13,2020-12-03,2020-11-23,5.55797733217088,4.931447119807129,6.258866470694363
Reading,South East,2021-01-17,6709,1096,161780,8,2021-01-06,2021-01-22,2021-01-14,16.336264719034133,15.47093716433566,17.240120772767145
Redbridge,London,2020-11-22,7966,1050,305222,7,2020-11-13,2020-12-03,2020-11-23,13.181019332161686,12.455868309587895,13.941663808096177
Redbridge,London,2021-01-17,11216,2495,305222,8,2021-01-06,2021-01-22,2021-01-14,22.24500713266762,21.484904241843793,23.024115579418382
Redcar and Cleveland,North East,2020-11-22,4147,330,137150,7,2020-11-13,2020-12-03,2020-11-23,7.957559681697612,7.172238392900984,8.820698591237642
Redcar and Cleveland,North East,2021-01-17,4986,650,137150,8,2021-01-06,2021-01-22,2021-01-14,13.036502206177298,12.13029559006865,13.999621955023972
Redditch,West Midlands,2020-11-22,2349,189,85261,7,2020-11-13,2020-12-03,2020-11-23,8.045977011494253,7.013269500959293,9.215680281831558
Redditch,West Midlands,2021-01-17,3478,625,85261,8,2021-01-06,2021-01-22,2021-01-14,17.9700977573318,16.729668179438118,19.281203471374276
Reigate and Banstead,South East,2020-11-22,4263,177,148748,7,2020-11-13,2020-12-03,2020-11-23,4.1520056298381425,3.5932907546676836,4.793274864754169
Reigate and Banstead,South East,2021-01-17,6175,876,148748,8,2021-01-06,2021-01-22,2021-01-14,14.186234817813764,13.338241087621022,15.07876023087239
Ribble Valley,North West,2020-11-22,1752,131,60888,7,2020-11-13,2020-12-03,2020-11-23,7.4771689497716896,6.33642407792124,8.803978119851546
Ribble Valley,North West,2021-01-17,2070,282,60888,8,2021-01-06,2021-01-22,2021-01-14,13.623188405797102,12.212653317107899,15.168487917458872
Richmond upon Thames,London,2020-11-22,4180,210,198019,7,2020-11-13,2020-12-03,2020-11-23,5.023923444976076,4.402036969321397,5.7284008828854365
Richmond upon Thames,London,2021-01-17,5201,700,198019,8,2021-01-06,2021-01-22,2021-01-14,13.458950201884253,12.55835384782909,14.413485158747969
Richmondshire,Yorkshire and The Humber,2020-11-22,1391,83,53730,7,2020-11-13,2020-12-03,2020-11-23,5.966930265995686,4.839211415058014,7.337187396910988
Richmondshire,Yorkshire and The Humber,2021-01-17,1379,155,53730,8,2021-01-06,2021-01-22,2021-01-14,11.240029006526468,9.679453939533383,13.015950281883462
Rochdale,North West,2020-11-22,6704,780,222412,7,2020-11-13,2020-12-03,2020-11-23,11.634844868735083,10.889179642551722,12.424452148257375
Rochdale,North West,2021-01-17,6470,785,222412,8,2021-01-06,2021-01-22,2021-01-14,12.13292117465224,11.359715126509375,12.95106648332314
Rochford,East of England,2020-11-22,2111,116,87368,7,2020-11-13,2020-12-03,2020-11-23,5.495026054002842,4.601279167628782,6.550453168477735
Rochford,East of England,2021-01-17,2916,400,87368,8,2021-01-06,2021-01-22,2021-01-14,13.717421124828533,12.516382136752169,15.013929702348875
Rossendale,North West,2020-11-22,2254,226,71482,7,2020-11-13,2020-12-03,2020-11-23,10.02661934338953,8.853865862089927,11.33539308874833
Rossendale,North West,2021-01-17,2433,353,71482,8,2021-01-06,2021-01-22,2021-01-14,14.508836826962598,13.16533114816712,15.964239684242346
Rother,South East,2020-11-22,3455,139,96080,7,2020-11-13,2020-12-03,2020-11-23,4.0231548480463095,3.417368491918678,4.7310668201984925
Rother,South East,2021-01-17,3771,390,96080,8,2021-01-06,2021-01-22,2021-01-14,10.342084327764518,9.41020638103569,11.35467784977319
Rotherham,Yorkshire and The Humber,2020-11-22,7471,649,265411,7,2020-11-13,2020-12-03,2020-11-23,8.686922768036407,8.06932248099779,9.346986159026336
Rotherham,Yorkshire and The Humber,2021-01-17,7702,840,265411,8,2021-01-06,2021-01-22,2021-01-14,10.906258114775383,10.2294895730654,11.622004099870743
Rugby,West Midlands,2020-11-22,3485,215,108935,7,2020-11-13,2020-12-03,2020-11-23,6.169296987087518,5.41774210149635,7.017373220921945
Rugby,West Midlands,2021-01-17,3676,425,108935,8,2021-01-06,2021-01-22,2021-01-14,11.561479869423286,10.567683340104676,12.635529851974825
Runnymede,South East,2020-11-22,2731,176,89424,7,2020-11-13,2020-12-03,2020-11-23,6.444525814719883,5.583410755594735,7.428000113324096
Runnymede,South East,2021-01-17,3172,382,89424,8,2021-01-06,2021-01-22,2021-01-14,12.042875157629256,10.955927613087123,13.221647646158397
Rushcliffe,East Midlands,2020-11-22,2860,161,119184,7,2020-11-13,2020-12-03,2020-11-23,5.629370629370629,4.842637812554262,6.535137930481209
Rushcliffe,East Midlands,2021-01-17,3673,388,119184,8,2021-01-06,2021-01-22,2021-01-14,10.563572011979309,9.610407756037553,11.599140372557025
Rushmoor,South East,2020-11-22,3277,94,94599,7,2020-11-13,2020-12-03,2020-11-23,2.8684772657918827,2.3498380841819535,3.497486793553893
Rushmoor,South East,2021-01-17,5199,840,94599,8,2021-01-06,2021-01-22,2021-01-14,16.156953260242354,15.18153423924444,17.18234753858631
Rutland,East Midlands,2020-11-22,1117,39,39927,7,2020-11-13,2020-12-03,2020-11-23,3.491495076096687,2.5644926708886375,4.7372945869457155
Rutland,East Midlands,2021-01-17,1205,86,39927,8,2021-01-06,2021-01-22,2021-01-14,7.136929460580912,5.815516962392987,8.730762662417304
Ryedale,Yorkshire and The Humber,2020-11-22,1353,69,55380,7,2020-11-13,2020-12-03,2020-11-23,5.099778270509978,4.049458836483198,6.404338687066559
Ryedale,Yorkshire and The Humber,2021-01-17,1737,135,55380,8,2021-01-06,2021-01-22,2021-01-14,7.772020725388601,6.6040862262749105,9.126321470138969
Salford,North West,2020-11-22,6161,554,258834,7,2020-11-13,2020-12-03,2020-11-23,8.992046745658172,8.303047572469453,9.732151973982212
Salford,North West,2021-01-17,7810,1045,258834,8,2021-01-06,2021-01-22,2021-01-14,13.380281690140844,12.643226802940957,14.153342718661637
Sandwell,West Midlands,2020-11-22,10247,1285,328450,7,2020-11-13,2020-12-03,2020-11-23,12.540255684590612,11.913040107438874,13.195547018410606
Sandwell,West Midlands,2021-01-17,14059,3282,328450,8,2021-01-06,2021-01-22,2021-01-14,23.34447684757095,22.652562227203184,24.050954114447105
Scarborough,Yorkshire and The Humber,2020-11-22,3621,249,108757,7,2020-11-13,2020-12-03,2020-11-23,6.876553438276719,6.097193456080103,7.747314352654882
Scarborough,Yorkshire and The Humber,2021-01-17,3502,195,108757,8,2021-01-06,2021-01-22,2021-01-14,5.568246716162193,4.856322528851944,6.377541393596384
Sedgemoor,South West,2020-11-22,3925,142,123178,7,2020-11-13,2020-12-03,2020-11-23,3.6178343949044587,3.0775263943323417,4.24884352508646
Sedgemoor,South West,2021-01-17,4975,410,123178,8,2021-01-06,2021-01-22,2021-01-14,8.241206030150753,7.508904727484504,9.03794589297755
Sefton,North West,2020-11-22,11115,430,276410,7,2020-11-13,2020-12-03,2020-11-23,3.8686459739091315,3.5257783313237203,4.243389544843805
Sefton,North West,2021-01-17,13306,1955,276410,8,2021-01-06,2021-01-22,2021-01-14,14.692619870735008,14.101266907723446,15.304353519309622
Selby,Yorkshire and The Humber,2020-11-22,2532,168,90620,7,2020-11-13,2020-12-03,2020-11-23,6.6350710900473935,5.7298106051382405,7.671715647166947
Selby,Yorkshire and The Humber,2021-01-17,2732,280,90620,8,2021-01-06,2021-01-22,2021-01-14,10.248901903367496,9.166869163411198,11.442565531819367
Sevenoaks,South East,2020-11-22,2807,174,120750,7,2020-11-13,2020-12-03,2020-11-23,6.19878874242964,5.365211738514859,7.152088293352159
Sevenoaks,South East,2021-01-17,3267,493,120750,8,2021-01-06,2021-01-22,2021-01-14,15.090296908478726,13.90389057168605,16.35870305391825
Sheffield,Yorkshire and The Humber,2020-11-22,15792,1353,584853,7,2020-11-13,2020-12-03,2020-11-23,8.567629179331307,8.14111636281853,9.014294229805948
Sheffield,Yorkshire and The Humber,2021-01-17,14744,1625,584853,8,2021-01-06,2021-01-22,2021-01-14,11.021432447097123,10.526071415249733,11.537099442032359
Shropshire,West Midlands,2020-11-22,9741,505,323136,7,2020-11-13,2020-12-03,2020-11-23,5.184272661944359,4.761390147936146,5.642488284616493
Shropshire,West Midlands,2021-01-17,13620,1435,323136,8,2021-01-06,2021-01-22,2021-01-14,10.535976505139502,10.031446855193444,11.062761173482922
Slough,South East,2020-11-22,4734,528,149539,7,2020-11-13,2020-12-03,2020-11-23,11.153358681875792,10.287945140852402,12.08176621467492
Slough,South East,2021-01-17,6522,1545,149539,8,2021-01-06,2021-01-22,2021-01-14,23.689052437902482,22.67285801421654,24.736222919536218
Solihull,West Midlands,2020-11-22,6406,505,216374,7,2020-11-13,2020-12-03,2020-11-23,7.883234467686544,7.248293339806461,8.568657287350302
Solihull,West Midlands,2021-01-17,8059,1225,216374,8,2021-01-06,2021-01-22,2021-01-14,15.20039707159697,14.433140305984713,16.00081367107393
Somerset West and Taunton,South West,2020-11-22,6244,110,155115,7,2020-11-13,2020-12-03,2020-11-23,1.7616912235746316,1.4638014264573638,2.1188992597880447
Somerset West and Taunton,South West,2021-01-17,7824,625,155115,8,2021-01-06,2021-01-22,2021-01-14,7.988241308793456,7.407919723500449,8.60979685158195
South Cambridgeshire,East of England,2020-11-22,4558,94,159086,7,2020-11-13,2020-12-03,2020-11-23,2.062308029837648,1.688294239366533,2.517057054676204
South Cambridgeshire,East of England,2021-01-17,6217,530,159086,8,2021-01-06,2021-01-22,2021-01-14,8.525012063696316,7.856210547795679,9.245036379374366
South Derbyshire,East Midlands,2020-11-22,3197,237,107261,7,2020-11-13,2020-12-03,2020-11-23,7.413199874882702,6.555274318999324,8.373345700710997
South Derbyshire,East Midlands,2021-01-17,3664,455,107261,8,2021-01-06,2021-01-22,2021-01-14,12.418122270742359,11.389478673404323,13.525487501674514
South Gloucestershire,South West,2020-11-22,8294,605,285093,7,2020-11-13,2020-12-03,2020-11-23,7.294429708222812,6.754332869021498,7.874067358249266
South Gloucestershire,South West,2021-01-17,10164,1040,285093,8,2021-01-06,2021-01-22,2021-01-14,10.232192050373868,9.657939414671125,10.836493619716354
South Hams,South West,2020-11-22,2372,44,87004,7,2020-11-13,2020-12-03,2020-11-23,1.854974704890388,1.384710086724151,2.4809291157452695
South Hams,South West,2021-01-17,2724,135,87004,8,2021-01-06,2021-01-22,2021-01-14,4.955947136563877,4.202463724013927,5.83629633424407
South Holland,East Midlands,2020-11-22,2712,157,95019,7,2020-11-13,2020-12-03,2020-11-23,5.789085545722713,4.971079522369185,6.73216102535819
South Holland,East Midlands,2021-01-17,3168,311,95019,8,2021-01-06,2021-01-22,2021-01-14,9.816919191919192,8.828960590337287,10.902210306627563
South Kesteven,East Midlands,2020-11-22,3917,252,142424,7,2020-11-13,2020-12-03,2020-11-23,6.43349502170028,5.7070278973975785,7.245331032551149
South Kesteven,East Midlands,2021-01-17,4701,479,142424,8,2021-01-06,2021-01-22,2021-01-14,10.189321420974261,9.356820578692783,11.086832352851214
South Lakeland,North West,2020-11-22,2772,152,105088,7,2020-11-13,2020-12-03,2020-11-23,5.483405483405483,4.695877992973394,6.394145100473718
South Lakeland,North West,2021-01-17,3257,301,105088,8,2021-01-06,2021-01-22,2021-01-14,9.241633404973902,8.294456763087181,10.28484144786604
South Norfolk,East of England,2020-11-22,3711,196,140880,7,2020-11-13,2020-12-03,2020-11-23,5.281595257343034,4.607106448110778,6.048569257262586
South Norfolk,East of England,2021-01-17,4476,515,140880,8,2021-01-06,2021-01-22,2021-01-14,11.505808757819482,10.603834850512873,12.473800113221984
South Oxfordshire,South East,2020-11-22,3331,95,142057,7,2020-11-13,2020-12-03,2020-11-23,2.851996397478235,2.338762911359789,3.4738510079010876
South Oxfordshire,South East,2021-01-17,4485,413,142057,8,2021-01-06,2021-01-22,2021-01-14,9.208472686733556,8.396803289706675,10.08995919530008
South Ribble,North West,2020-11-22,3100,279,110788,7,2020-11-13,2020-12-03,2020-11-23,9,8.042672348718053,10.058814672277085
South Ribble,North West,2021-01-17,4099,550,110788,8,2021-01-06,2021-01-22,2021-01-14,13.417906806538179,12.40864927627169,14.495667400346335
South Somerset,South West,2020-11-22,5015,190,168345,7,2020-11-13,2020-12-03,2020-11-23,3.788634097706879,3.294618660439186,4.353390585720336
South Somerset,South West,2021-01-17,6486,450,168345,8,2021-01-06,2021-01-22,2021-01-14,6.938020351526363,6.34477579382674,7.582243295248759
South Staffordshire,West Midlands,2020-11-22,4057,315,112436,7,2020-11-13,2020-12-03,2020-11-23,7.764357899926054,6.980262305190261,8.628361307630309
South Staffordshire,West Midlands,2021-01-17,4075,677,112436,8,2021-01-06,2021-01-22,2021-01-14,16.613496932515336,15.502265786225792,17.787614993138543
South Tyneside,North East,2020-11-22,4350,455,150976,7,2020-11-13,2020-12-03,2020-11-23,10.459770114942529,9.58495001647342,11.404364074633204
South Tyneside,North East,2021-01-17,4576,495,150976,8,2021-01-06,2021-01-22,2021-01-14,10.817307692307693,9.950028291654347,11.750318057815306
Southampton,South East,2020-11-22,13071,270,252520,7,2020-11-13,2020-12-03,2020-11-23,2.065641496442506,1.835523374428508,2.323926363708101
Southampton,South East,2021-01-17,13738,1268,252520,8,2021-01-06,2021-01-22,2021-01-14,9.229873344009318,8.757192392877199,9.725348440035745
Southend-on-Sea,East of England,2020-11-22,5736,250,183125,7,2020-11-13,2020-12-03,2020-11-23,4.358437935843794,3.8599155435142327,4.918052671033165
Southend-on-Sea,East of England,2021-01-17,8379,1100,183125,8,2021-01-06,2021-01-22,2021-01-14,13.128058240840195,12.421833747438935,13.868076059953893
Southwark,London,2020-11-22,6756,382,318830,7,2020-11-13,2020-12-03,2020-11-23,5.654233274126702,5.128268034541915,6.230599824981079
Southwark,London,2021-01-17,10517,1910,318830,8,2021-01-06,2021-01-22,2021-01-14,18.161072549206047,17.435935141542974,18.90946055506053
Spelthorne,South East,2020-11-22,3159,192,99844,7,2020-11-13,2020-12-03,2020-11-23,6.077872744539412,5.296848913400323,6.965588640624462
Spelthorne,South East,2021-01-17,3933,632,99844,8,2021-01-06,2021-01-22,2021-01-14,16.069158403254512,14.954609705885275,17.24992461642102
St Albans,East of England,2020-11-22,3979,190,148452,7,2020-11-13,2020-12-03,2020-11-23,4.775069112842423,4.155011636800972,5.482365667550686
St Albans,East of England,2021-01-17,4711,570,148452,8,2021-01-06,2021-01-22,2021-01-14,12.099341965612396,11.198834565228731,13.061609159358326
St. Helens,North West,2020-11-22,5510,305,180585,7,2020-11-13,2020-12-03,2020-11-23,5.535390199637023,4.962001189137039,6.170735640622717
St. Helens,North West,2021-01-17,7485,1430,180585,8,2021-01-06,2021-01-22,2021-01-14,19.10487641950568,18.230206021286595,20.011242600215912
Stafford,West Midlands,2020-11-22,5285,432,137280,7,2020-11-13,2020-12-03,2020-11-23,8.174077578051088,7.465469543912895,8.943444687639914
Stafford,West Midlands,2021-01-17,5023,548,137280,8,2021-01-06,2021-01-22,2021-01-14,10.909814851682262,10.07733462375548,11.802039687737507
Staffordshire Moorlands,West Midlands,2020-11-22,4022,224,98435,7,2020-11-13,2020-12-03,2020-11-23,5.56936847339632,4.9020956725743785,6.321432711304251
Staffordshire Moorlands,West Midlands,2021-01-17,2823,248,98435,8,2021-01-06,2021-01-22,2021-01-14,8.784980517180305,7.795966183297219,9.886010896139656
Stevenage,East of England,2020-11-22,2699,95,87845,7,2020-11-13,2020-12-03,2020-11-23,3.5198221563542056,2.888017306956785,4.283748472648772
Stevenage,East of England,2021-01-17,3617,623,87845,8,2021-01-06,2021-01-22,2021-01-14,17.224218965993916,16.02861460830325,18.48936893322875
Stockport,North West,2020-11-22,7634,605,293423,7,2020-11-13,2020-12-03,2020-11-23,7.92507204610951,7.340056080192578,8.552411253217025
Stockport,North West,2021-01-17,8802,1045,293423,8,2021-01-06,2021-01-22,2021-01-14,11.872301749602363,11.213134995475789,12.564734145278736
Stockton-on-Tees,North East,2020-11-22,4838,575,197348,7,2020-11-13,2020-12-03,2020-11-23,11.885076477883423,11.003290039205128,12.827342761021468
Stockton-on-Tees,North East,2021-01-17,5615,795,197348,8,2021-01-06,2021-01-22,2021-01-14,14.158504007123776,13.271125423649963,15.094890426799326
Stoke-on-Trent,West Midlands,2020-11-22,10265,1060,256375,7,2020-11-13,2020-12-03,2020-11-23,10.326351680467608,9.752442667618014,10.929943630169884
Stoke-on-Trent,West Midlands,2021-01-17,8574,1035,256375,8,2021-01-06,2021-01-22,2021-01-14,12.071378586424073,11.398705349479814,12.778023362242166
Stratford-on-Avon,West Midlands,2020-11-22,3741,135,130098,7,2020-11-13,2020-12-03,2020-11-23,3.608660785886127,3.057013935901396,4.255484118607187
Stratford-on-Avon,West Midlands,2021-01-17,3978,354,130098,8,2021-01-06,2021-01-22,2021-01-14,8.89894419306184,8.05333150830991,9.823860895817628
Stroud,South West,2020-11-22,3486,144,119964,7,2020-11-13,2020-12-03,2020-11-23,4.130808950086059,3.519131137049944,4.843468203474675
Stroud,South West,2021-01-17,3865,190,119964,8,2021-01-06,2021-01-22,2021-01-14,4.915912031047866,4.277946767179755,5.6434072843170275
Sunderland,North East,2020-11-22,7734,695,277705,7,2020-11-13,2020-12-03,2020-11-23,8.986294284975434,8.369121360166018,9.64418979693704
Sunderland,North East,2021-01-17,9590,1145,277705,8,2021-01-06,2021-01-22,2021-01-14,11.939520333680917,11.305743870664822,12.603776300858428
Surrey Heath,South East,2020-11-22,2759,147,89305,7,2020-11-13,2020-12-03,2020-11-23,5.3280173976078284,4.550370003039314,6.229888772570138
Surrey Heath,South East,2021-01-17,3478,468,89305,8,2021-01-06,2021-01-22,2021-01-14,13.456009200690053,12.362114233317667,14.630540944584085
Sutton,London,2020-11-22,5447,320,206349,7,2020-11-13,2020-12-03,2020-11-23,5.874793464292271,5.280856353542852,6.5309247023675745
Sutton,London,2021-01-17,8182,1315,206349,8,2021-01-06,2021-01-22,2021-01-14,16.07186506966512,15.29201188433977,16.88356190450493
Swale,South East,2020-11-22,6170,951,150082,7,2020-11-13,2020-12-03,2020-11-23,15.413290113452188,14.533876380493563,16.335744608846543
Swale,South East,2021-01-17,4509,655,150082,8,2021-01-06,2021-01-22,2021-01-14,14.526502550454644,13.528193200621686,15.585203997338603
Swindon,South West,2020-11-22,4888,355,222193,7,2020-11-13,2020-12-03,2020-11-23,7.2626841243862525,6.56821415637871,8.024275498688406
Swindon,South West,2021-01-17,6830,675,222193,8,2021-01-06,2021-01-22,2021-01-14,9.882869692532942,9.197505123676187,10.613335777135763
Tameside,North West,2020-11-22,6450,485,226493,7,2020-11-13,2020-12-03,2020-11-23,7.519379844961241,6.9008066145840115,8.188523748338222
Tameside,North West,2021-01-17,7110,800,226493,8,2021-01-06,2021-01-22,2021-01-14,11.251758087201125,10.538062796917544,12.00730130916661
Tamworth,West Midlands,2020-11-22,2277,223,76696,7,2020-11-13,2020-12-03,2020-11-23,9.793588054457619,8.63962235874695,11.082987342204557
Tamworth,West Midlands,2021-01-17,2568,373,76696,8,2021-01-06,2021-01-22,2021-01-14,14.524922118380063,13.21511281615807,15.940706888394422
Tandridge,South East,2020-11-22,2512,92,88129,7,2020-11-13,2020-12-03,2020-11-23,3.662420382165605,2.9957842562628243,4.47056296375418
Tandridge,South East,2021-01-17,3458,437,88129,8,2021-01-06,2021-01-22,2021-01-14,12.637362637362637,11.571204240776103,13.786440505894019
Teignbridge,South West,2020-11-22,4177,79,134163,7,2020-11-13,2020-12-03,2020-11-23,1.8913095523102705,1.5202475501323411,2.3507784242978245
Teignbridge,South West,2021-01-17,4891,280,134163,8,2021-01-06,2021-01-22,2021-01-14,5.724800654262932,5.107805597706453,6.411289832945953
Telford and Wrekin,West Midlands,2020-11-22,7851,465,179854,7,2020-11-13,2020-12-03,2020-11-23,5.922812380588461,5.421905658166082,6.466831545715037
Telford and Wrekin,West Midlands,2021-01-17,8000,945,179854,8,2021-01-06,2021-01-22,2021-01-14,11.8125,11.123502970380414,12.5381533550778
Tendring,East of England,2020-11-22,4714,122,146561,7,2020-11-13,2020-12-03,2020-11-23,2.588035638523547,2.171926183890109,3.081354601061202
Tendring,East of England,2021-01-17,8242,1165,146561,8,2021-01-06,2021-01-22,2021-01-14,14.1349187090512,13.3994973386864,14.903756737635316
Test Valley,South East,2020-11-22,3789,99,126160,7,2020-11-13,2020-12-03,2020-11-23,2.6128266033254155,2.1508987092451983,3.1707436797686728
Test Valley,South East,2021-01-17,4880,485,126160,8,2021-01-06,2021-01-22,2021-01-14,9.938524590163935,9.13037482380154,10.80969626638181
Tewkesbury,South West,2020-11-22,2651,123,95019,7,2020-11-13,2020-12-03,2020-11-23,4.639758581667295,3.902576436038903,5.50820995915609
Tewkesbury,South West,2021-01-17,3060,230,95019,8,2021-01-06,2021-01-22,2021-01-14,7.516339869281046,6.634509637470918,8.504702526569439
Thanet,South East,2020-11-22,6592,739,141922,7,2020-11-13,2020-12-03,2020-11-23,11.210558252427184,10.471424207771854,11.99487471818263
Thanet,South East,2021-01-17,5038,710,141922,8,2021-01-06,2021-01-22,2021-01-14,14.09289400555776,13.159427276836622,15.08107711922458
Three Rivers,East of England,2020-11-22,2645,142,93323,7,2020-11-13,2020-12-03,2020-11-23,5.368620037807183,4.572550227862022,6.2941423732438855
Three Rivers,East of England,2021-01-17,3329,443,93323,8,2021-01-06,2021-01-22,2021-01-14,13.307299489336136,12.195689868425461,14.503493690565644
Thurrock,East of England,2020-11-22,4769,405,174341,7,2020-11-13,2020-12-03,2020-11-23,8.492346403858251,7.7341842528395865,9.317324074901594
Thurrock,East of England,2021-01-17,8848,1205,174341,8,2021-01-06,2021-01-22,2021-01-14,13.61889692585895,12.919995484040045,14.349375189282917
Tonbridge and Malling,South East,2020-11-22,3497,297,132153,7,2020-11-13,2020-12-03,2020-11-23,8.49299399485273,7.613954088139159,9.463124832826459
Tonbridge and Malling,South East,2021-01-17,3484,530,132153,8,2021-01-06,2021-01-22,2021-01-14,15.212399540757747,14.058212327510903,16.443215887646534
Torbay,South West,2020-11-22,5550,143,136264,7,2020-11-13,2020-12-03,2020-11-23,2.5765765765765765,2.19140728474185,3.0273491556380527
Torbay,South West,2021-01-17,6177,310,136264,8,2021-01-06,2021-01-22,2021-01-14,5.0186174518374616,4.50155983182697,5.59158788886741
Torridge,South West,2020-11-22,2339,70,68267,7,2020-11-13,2020-12-03,2020-11-23,2.992731936725096,2.375573760289853,3.764041802647085
Torridge,South West,2021-01-17,2582,40,68267,8,2021-01-06,2021-01-22,2021-01-14,1.549186676994578,1.139750895987687,2.1025769944055273
Tower Hamlets,London,2020-11-22,7848,850,324745,7,2020-11-13,2020-12-03,2020-11-23,10.830784913353721,10.16229655771474,11.53759980107652
Tower Hamlets,London,2021-01-17,10563,2245,324745,8,2021-01-06,2021-01-22,2021-01-14,21.253431790211113,20.48379209137061,22.043972485521476
Trafford,North West,2020-11-22,5462,395,237354,7,2020-11-13,2020-12-03,2020-11-23,7.231783229586232,6.574523469440452,7.949159019366545
Trafford,North West,2021-01-17,6594,845,237354,8,2021-01-06,2021-01-22,2021-01-14,12.81468001213224,12.02950579820254,13.643155016588437
Tunbridge Wells,South East,2020-11-22,3531,116,118724,7,2020-11-13,2020-12-03,2020-11-23,3.285188331917304,2.7461555389434693,3.925754971560058
Tunbridge Wells,South East,2021-01-17,3616,402,118724,8,2021-01-06,2021-01-22,2021-01-14,11.117256637168142,10.133663177561447,12.183376615774707
Uttlesford,East of England,2020-11-22,2369,81,91284,7,2020-11-13,2020-12-03,2020-11-23,3.4191642043056145,2.7595252670165493,4.229625154483486
Uttlesford,East of England,2021-01-17,4292,390,91284,8,2021-01-06,2021-01-22,2021-01-14,9.086672879776328,8.262991634383708,9.983525755386918
Vale of White Horse,South East,2020-11-22,3136,99,136007,7,2020-11-13,2020-12-03,2020-11-23,3.1568877551020407,2.599932008362216,3.8284645036229628
Vale of White Horse,South East,2021-01-17,4322,413,136007,8,2021-01-06,2021-01-22,2021-01-14,9.55576122165664,8.714876740639838,10.46847675763942
Wakefield,Yorkshire and The Humber,2020-11-22,9853,1026,348312,7,2020-11-13,2020-12-03,2020-11-23,10.41307216076322,9.825339414363857,11.031660948373661
Wakefield,Yorkshire and The Humber,2021-01-17,9086,950,348312,8,2021-01-06,2021-01-22,2021-01-14,10.455646048866388,9.843115898052364,11.10159988654721
Walsall,West Midlands,2020-11-22,8737,931,285478,7,2020-11-13,2020-12-03,2020-11-23,10.655831521117088,10.026049525638564,11.32019577134949
Walsall,West Midlands,2021-01-17,11850,2470,285478,8,2021-01-06,2021-01-22,2021-01-14,20.843881856540083,20.122046001163334,21.584614881683866
Waltham Forest,London,2020-11-22,6329,670,276983,7,2020-11-13,2020-12-03,2020-11-23,10.586190551429926,9.85198036223577,11.368217041394562
Waltham Forest,London,2021-01-17,9236,1947,276983,8,2021-01-06,2021-01-22,2021-01-14,21.080554352533564,20.260824861997502,21.92433032916295
Wandsworth,London,2020-11-22,7569,381,329677,7,2020-11-13,2020-12-03,2020-11-23,5.033690051525961,4.563539543860695,5.549460483740005
Wandsworth,London,2021-01-17,10775,1746,329677,8,2021-01-06,2021-01-22,2021-01-14,16.20417633410673,15.520473051109057,16.911968525995015
Warrington,North West,2020-11-22,5758,400,210014,7,2020-11-13,2020-12-03,2020-11-23,6.946856547412296,6.318444648657184,7.632676092266857
Warrington,North West,2021-01-17,8116,1158,210014,8,2021-01-06,2021-01-22,2021-01-14,14.268112370625923,13.52410226488298,15.0459316524741
Warwick,West Midlands,2020-11-22,4576,215,143753,7,2020-11-13,2020-12-03,2020-11-23,4.698426573426573,4.12240471665075,5.350444130226322
Warwick,West Midlands,2021-01-17,4217,467,143753,8,2021-01-06,2021-01-22,2021-01-14,11.074223381550865,10.162273227036248,12.05702754439637
Watford,East of England,2020-11-22,2924,140,96577,7,2020-11-13,2020-12-03,2020-11-23,4.7879616963064295,4.071625551883828,5.6229382697181345
Watford,East of England,2021-01-17,4078,682,96577,8,2021-01-06,2021-01-22,2021-01-14,16.72388425698872,15.609921839202753,17.900479596522885
Waverley,South East,2020-11-22,3713,109,126328,7,2020-11-13,2020-12-03,2020-11-23,2.935631564772421,2.4394208196733866,3.5291269722757908
Waverley,South East,2021-01-17,4549,462,126328,8,2021-01-06,2021-01-22,2021-01-14,10.156078258958011,9.311619291316841,11.067773824230596
Wealden,South East,2020-11-22,5505,234,161475,7,2020-11-13,2020-12-03,2020-11-23,4.250681198910082,3.7488893359991335,4.816277448120002
Wealden,South East,2021-01-17,6345,851,161475,8,2021-01-06,2021-01-22,2021-01-14,13.412135539795115,12.595722077963046,14.27282504019978
Welwyn Hatfield,East of England,2020-11-22,3198,140,123043,7,2020-11-13,2020-12-03,2020-11-23,4.377736085053159,3.7216776891568983,5.1432665147088015
Welwyn Hatfield,East of England,2021-01-17,4517,816,123043,8,2021-01-06,2021-01-22,2021-01-14,18.065087447420854,16.97041125570395,19.214035239958374
West Berkshire,South East,2020-11-22,3216,125,158450,7,2020-11-13,2020-12-03,2020-11-23,3.8868159203980097,3.2719640254557705,4.6116992563278805
West Berkshire,South East,2021-01-17,4593,485,158450,8,2021-01-06,2021-01-22,2021-01-14,10.559547136947529,9.70349648635856,11.481516474052093
West Devon,South West,2020-11-22,1827,44,55796,7,2020-11-13,2020-12-03,2020-11-23,2.40831964969896,1.7988710615538397,3.217481303541293
West Devon,South West,2021-01-17,2255,120,55796,8,2021-01-06,2021-01-22,2021-01-14,5.321507760532151,4.468723186726856,6.326255711349503
West Lancashire,North West,2020-11-22,3429,190,114306,7,2020-11-13,2020-12-03,2020-11-23,5.540974044911053,4.823802141094128,6.357648078065065
West Lancashire,North West,2021-01-17,4350,593,114306,8,2021-01-06,2021-01-22,2021-01-14,13.632183908045977,12.64454084049133,14.684002701445111
West Lindsey,East Midlands,2020-11-22,3203,230,95667,7,2020-11-13,2020-12-03,2020-11-23,7.180768029971901,6.3370504120832924,8.12707152150523
West Lindsey,East Midlands,2021-01-17,2791,230,95667,8,2021-01-06,2021-01-22,2021-01-14,8.240773916159084,7.277077531998763,9.319264895825956
West Northamptonshire,East Midlands,2020-11-22,12173,748,NA,7,2020-11-13,2020-12-03,2020-11-23,6.144746570278485,5.731815140380856,6.585348254517702
West Northamptonshire,East Midlands,2021-01-17,15994,2279,NA,8,2021-01-06,2021-01-22,2021-01-14,14.24909341002876,13.71594552207852,14.799410568698598
West Oxfordshire,South East,2020-11-22,3023,74,110643,7,2020-11-13,2020-12-03,2020-11-23,2.4478994376447236,1.954437275133185,3.062061305530963
West Oxfordshire,South East,2021-01-17,3700,261,110643,8,2021-01-06,2021-01-22,2021-01-14,7.054054054054054,6.272768569335112,7.924422770170075
West Suffolk,East of England,2020-11-22,4581,75,179045,7,2020-11-13,2020-12-03,2020-11-23,1.6371971185330716,1.3081639714540179,2.0472728566771123
West Suffolk,East of England,2021-01-17,7095,615,179045,8,2021-01-06,2021-01-22,2021-01-14,8.668076109936575,8.035534215893506,9.345350622541353
Westminster,London,2020-11-22,4614,327,261317,7,2020-11-13,2020-12-03,2020-11-23,7.087126137841353,6.381844703880024,7.8638037162087375
Westminster,London,2021-01-17,6607,1195,261317,8,2021-01-06,2021-01-22,2021-01-14,18.08687755410928,17.177385443365463,19.03345811916842
Wigan,North West,2020-11-22,8898,958,328662,7,2020-11-13,2020-12-03,2020-11-23,10.766464374016634,10.139286794599673,11.427503264533021
Wigan,North West,2021-01-17,10162,1305,328662,8,2021-01-06,2021-01-22,2021-01-14,12.841960244046447,12.205501924713062,13.506501055155534
Wiltshire,South West,2020-11-22,12223,465,500024,7,2020-11-13,2020-12-03,2020-11-23,3.804303362513295,3.479423505560027,4.158210972369691
Wiltshire,South West,2021-01-17,16761,1550,500024,8,2021-01-06,2021-01-22,2021-01-14,9.24765825428077,8.818372943893982,9.695619368199322
Winchester,South East,2020-11-22,3554,119,124859,7,2020-11-13,2020-12-03,2020-11-23,3.348339898705684,2.8054501812194657,3.991970716249544
Winchester,South East,2021-01-17,4260,372,124859,8,2021-01-06,2021-01-22,2021-01-14,8.732394366197182,7.921389688956946,9.617758190794058
Windsor and Maidenhead,South East,2020-11-22,3888,190,151422,7,2020-11-13,2020-12-03,2020-11-23,4.886831275720165,4.252561732183235,5.610159113002627
Windsor and Maidenhead,South East,2021-01-17,4858,615,151422,8,2021-01-06,2021-01-22,2021-01-14,12.659530671058047,11.753885935753177,13.624182626770025
Wirral,North West,2020-11-22,9146,300,324011,7,2020-11-13,2020-12-03,2020-11-23,3.280122457905095,2.9342514492593184,3.6652231048989363
Wirral,North West,2021-01-17,13376,2215,324011,8,2021-01-06,2021-01-22,2021-01-14,16.55950956937799,15.93919086080377,17.199030339101952
Woking,South East,2020-11-22,3099,209,100793,7,2020-11-13,2020-12-03,2020-11-23,6.744111003549532,5.913633533089358,7.681693989091701
Woking,South East,2021-01-17,3839,616,100793,8,2021-01-06,2021-01-22,2021-01-14,16.045845272206304,14.918846753043077,17.24072766770218
Wokingham,South East,2020-11-22,3723,197,171119,7,2020-11-13,2020-12-03,2020-11-23,5.29143164114961,4.617320735335248,6.057709668200763
Wokingham,South East,2021-01-17,4919,585,171119,8,2021-01-06,2021-01-22,2021-01-14,11.892661109981702,11.017664536495502,12.827130560803795
Wolverhampton,West Midlands,2020-11-22,8394,850,263357,7,2020-11-13,2020-12-03,2020-11-23,10.126280676673813,9.499045828439497,10.78999472055848
Wolverhampton,West Midlands,2021-01-17,10604,2286,263357,8,2021-01-06,2021-01-22,2021-01-14,21.557902678234626,20.78558413820103,22.350820912571702
Worcester,West Midlands,2020-11-22,2853,133,101222,7,2020-11-13,2020-12-03,2020-11-23,4.661759551349457,3.947263041823703,5.4981844116056795
Worcester,West Midlands,2021-01-17,4613,665,101222,8,2021-01-06,2021-01-22,2021-01-14,14.41578148710167,13.431765411917018,15.459013505178499
Worthing,South East,2020-11-22,3717,38,110570,7,2020-11-13,2020-12-03,2020-11-23,1.022329835889158,0.7457486645439164,1.4000417354050119
Worthing,South East,2021-01-17,5405,534,110570,8,2021-01-06,2021-01-22,2021-01-14,9.879740980573542,9.112518213542959,10.703952041334707
Wychavon,West Midlands,2020-11-22,3500,151,129433,7,2020-11-13,2020-12-03,2020-11-23,4.314285714285714,3.6897612821157035,5.038985792063641
Wychavon,West Midlands,2021-01-17,5001,590,129433,8,2021-01-06,2021-01-22,2021-01-14,11.797640471905618,10.93278410240976,12.721141172970418
Wyre,North West,2020-11-22,3106,175,112091,7,2020-11-13,2020-12-03,2020-11-23,5.634256278171281,4.876799197069373,6.501319704042611
Wyre,North West,2021-01-17,3939,388,112091,8,2021-01-06,2021-01-22,2021-01-14,9.85021579080985,8.958370306784042,10.820296093207222
Wyre Forest,West Midlands,2020-11-22,3190,204,101291,7,2020-11-13,2020-12-03,2020-11-23,6.394984326018808,5.597294507035431,7.297567812547706
Wyre Forest,West Midlands,2021-01-17,3605,380,101291,8,2021-01-06,2021-01-22,2021-01-14,10.540915395284326,9.580158152053695,11.585677685752934
York,Yorkshire and The Humber,2020-11-22,4525,234,210618,7,2020-11-13,2020-12-03,2020-11-23,5.171270718232044,4.563229760834128,5.855361022504115
York,Yorkshire and The Humber,2021-01-17,6510,785,210618,8,2021-01-06,2021-01-22,2021-01-14,12.05837173579109,11.289622803374362,12.871871896339005
