ltla,round,mid_round_date,positive,number_samples,m,l,u
Adur,7,2020-11-23,3,548,0.5474452554744526,0.18635181892698663,1.5970333659639224
Adur,8,2021-01-14,16,568,2.8169014084507045,1.741214740336863,4.52651178907739
Allerdale,7,2020-11-23,0,526,0,0,0.7250204295534617
Allerdale,8,2021-01-14,3,496,0.6048387096774194,0.20590855634457828,1.763007516346484
Amber Valley,7,2020-11-23,6,577,1.0398613518197575,0.4774248511095085,2.249904367582573
Amber Valley,8,2021-01-14,5,570,0.8771929824561403,0.37524982722915207,2.036820372288988
Arun,7,2020-11-23,1,568,0.17605633802816903,0.00903050957527299,0.9904321634126061
Arun,8,2021-01-14,4,568,0.7042253521126761,0.2741903579067672,1.796568702675288
Ashfield,7,2020-11-23,9,545,1.651376146788991,0.8711800555763557,3.108376967616694
Ashfield,8,2021-01-14,9,575,1.565217391304348,0.8256098027466982,2.947696080559059
Ashford,7,2020-11-23,1,557,0.17953321364452424,0.009208849979811595,1.0098535506515836
Ashford,8,2021-01-14,9,553,1.62748643761302,0.8585432393213333,3.063840497505846
Babergh,7,2020-11-23,1,613,0.1631321370309951,0.008367584728801074,0.9181925354368249
Babergh,8,2021-01-14,7,588,1.1904761904761905,0.5778379884175715,2.4367292668479004
Barking and Dagenham,7,2020-11-23,10,405,2.4691358024691357,1.346607854708517,4.484860140113966
Barking and Dagenham,8,2021-01-14,8,317,2.5236593059936907,1.2842080132997364,4.8999861658517645
Barnet,7,2020-11-23,5,490,1.0204081632653061,0.43662290988735425,2.3661913483055232
Barnet,8,2021-01-14,10,524,1.9083969465648856,1.0398433910759899,3.476940658809146
Barnsley,7,2020-11-23,1,490,0.20408163265306123,0.010468019262765424,1.1468266546600792
Barnsley,8,2021-01-14,2,443,0.4514672686230248,0.12389604408630236,1.6309677148382469
Barrow-in-Furness,7,2020-11-23,3,468,0.641025641025641,0.21824114259414956,1.8675142815458912
Barrow-in-Furness,8,2021-01-14,8,429,1.8648018648018647,0.9478861617590888,3.6361153049103763
Basildon,7,2020-11-23,4,451,0.8869179600886918,0.34543024391996247,2.257995321418007
Basildon,8,2021-01-14,9,476,1.8907563025210083,0.9978590193745079,3.5539483368247367
Basingstoke and Deane,7,2020-11-23,2,550,0.36363636363636365,0.09977891479821578,1.316052041120307
Basingstoke and Deane,8,2021-01-14,12,624,1.9230769230769231,1.1034410543162043,3.3310317619565732
Bassetlaw,7,2020-11-23,3,548,0.5474452554744526,0.18635181892698663,1.5970333659639224
Bassetlaw,8,2021-01-14,3,512,0.5859375,0.19946757921860936,1.7083780683944112
Bath and North East Somerset,7,2020-11-23,6,566,1.0600706713780919,0.4867202773995605,2.293256253876095
Bath and North East Somerset,8,2021-01-14,4,608,0.6578947368421052,0.2561311327540162,1.6792491279295565
Bedford,7,2020-11-23,2,549,0.36429872495446264,0.09996076505930616,1.318431198058168
Bedford,8,2021-01-14,10,550,1.8181818181818181,0.9905417862011551,3.31420254829851
Bexley,7,2020-11-23,8,492,1.6260162601626018,0.8261796136128627,3.1753935642099265
Bexley,8,2021-01-14,11,546,2.0146520146520146,1.1286030614792353,3.571198746139849
Birmingham,7,2020-11-23,5,472,1.059322033898305,0.45330421420233663,2.455534131871632
Birmingham,8,2021-01-14,9,449,2.0044543429844097,1.058062804355354,3.7651393109223497
Blaby,7,2020-11-23,7,548,1.2773722627737227,0.6201072863053486,2.6129696301738856
Blaby,8,2021-01-14,6,536,1.1194029850746268,0.5140143431660495,2.4204506857519665
Blackburn with Darwen,7,2020-11-23,4,404,0.9900990099009901,0.38568489306530546,2.5177616704436225
Blackburn with Darwen,8,2021-01-14,7,395,1.7721518987341773,0.861023943311932,3.612297078391344
Blackpool,7,2020-11-23,6,472,1.2711864406779663,0.5838631444130171,2.7452832607688564
Blackpool,8,2021-01-14,2,438,0.45662100456621,0.12531139350155537,1.6494108884734158
Bolsover,7,2020-11-23,8,551,1.4519056261343013,0.7374988420323086,2.838560319600421
Bolsover,8,2021-01-14,2,485,0.4123711340206186,0.11315997683531473,1.4909304044533869
Bolton,7,2020-11-23,7,453,1.545253863134658,0.7504929768785581,3.1549010008814
Bolton,8,2021-01-14,4,428,0.9345794392523363,0.36402292662464564,2.378061831293617
Boston,7,2020-11-23,15,580,2.586206896551724,1.5734296506296375,4.222914255651144
Boston,8,2021-01-14,2,522,0.38314176245210724,0.10513424945747152,1.386086857048695
"Bournemouth, Christchurch and Poole",7,2020-11-23,6,584,1.0273972602739725,0.47169222145451656,2.2231600355595895
"Bournemouth, Christchurch and Poole",8,2021-01-14,9,552,1.6304347826086956,0.8601027560683854,3.069337639945659
Bracknell Forest,7,2020-11-23,3,551,0.5444646098003629,0.18533627129554403,1.588406239152751
Bracknell Forest,8,2021-01-14,7,557,1.2567324955116697,0.6100662485732518,2.571128461641315
Bradford,7,2020-11-23,7,479,1.4613778705636742,0.7096553242367787,2.985441377747061
Bradford,8,2021-01-14,6,463,1.2958963282937366,0.5952377697021539,2.798089562602872
Braintree,7,2020-11-23,2,556,0.3597122302158274,0.0987015578586184,1.3019554847998793
Braintree,8,2021-01-14,5,569,0.8787346221441126,0.3759103160613522,2.040370595098512
Breckland,7,2020-11-23,4,635,0.6299212598425197,0.24522873575549767,1.6083545997020263
Breckland,8,2021-01-14,3,626,0.4792332268370607,0.16311357617198938,1.399415959295734
Brent,7,2020-11-23,2,393,0.5089058524173028,0.13967145968394215,1.8362961834138398
Brent,8,2021-01-14,14,418,3.349282296650718,2.005399313172523,5.54280586080695
Brentwood,7,2020-11-23,7,520,1.3461538461538463,0.6535739194057572,2.752315118254602
Brentwood,8,2021-01-14,10,511,1.9569471624266144,1.0663815828985255,3.564453485300106
Brighton and Hove,7,2020-11-23,0,561,0,4.3073142685685874e-17,0.6800950533472748
Brighton and Hove,8,2021-01-14,8,551,1.4519056261343013,0.7374988420323086,2.838560319600421
"Bristol, City of",7,2020-11-23,6,581,1.0327022375215147,0.4741321181751804,2.2345436403180186
"Bristol, City of",8,2021-01-14,8,584,1.36986301369863,0.6957295824538592,2.679578253182526
Broadland,7,2020-11-23,2,594,0.33670033670033667,0.09238399038102268,1.2192444865336156
Broadland,8,2021-01-14,3,635,0.47244094488188976,0.16079989629515884,1.379716719339263
Bromley,7,2020-11-23,2,554,0.36101083032490977,0.09905808245604518,1.3066206631272208
Bromley,8,2021-01-14,16,554,2.888086642599278,1.7854060666294833,4.639619942814998
Bromsgrove,7,2020-11-23,3,543,0.5524861878453038,0.18806935819224266,1.6116220627760927
Bromsgrove,8,2021-01-14,8,557,1.436265709156194,0.7295354122839157,2.8082663155725864
Broxbourne,7,2020-11-23,6,514,1.1673151750972763,0.5360589821709687,2.52307399199658
Broxbourne,8,2021-01-14,14,549,2.5500910746812386,1.5250046409713736,4.234595749458359
Broxtowe,7,2020-11-23,4,560,0.7142857142857143,0.2781121700951484,1.8220276183945445
Broxtowe,8,2021-01-14,5,549,0.9107468123861567,0.3896261794227462,2.1140678905227923
Buckinghamshire,7,2020-11-23,9,2343,0.3841229193341869,0.20222151165336144,0.728453150608214
Buckinghamshire,8,2021-01-14,22,2387,0.9216589861751152,0.6094396454152506,1.391590520938498
Burnley,7,2020-11-23,7,387,1.8087855297157622,0.8788776550573294,3.6860062430142997
Burnley,8,2021-01-14,5,426,1.1737089201877933,0.502351724454232,2.7177794510422686
Bury,7,2020-11-23,5,435,1.1494252873563218,0.49193761620365667,2.6621533527513974
Bury,8,2021-01-14,7,449,1.55902004454343,0.7571965884913093,3.1826941775082283
Calderdale,7,2020-11-23,7,494,1.417004048582996,0.6880552590869725,2.8957079057883788
Calderdale,8,2021-01-14,6,495,1.2121212121212122,0.5566777501760264,2.618972256570556
Cambridge,7,2020-11-23,1,571,0.17513134851138354,0.008983063815683113,0.9852643928317387
Cambridge,8,2021-01-14,7,620,1.129032258064516,0.5479570379355919,2.311977736906321
Camden,7,2020-11-23,5,498,1.0040160642570282,0.4295967404483235,2.328537044118013
Camden,8,2021-01-14,14,547,2.5594149908592323,1.530602412885522,4.249909985158018
Cannock Chase,7,2020-11-23,5,512,0.9765625,0.41783017067402956,2.265447527155489
Cannock Chase,8,2021-01-14,5,454,1.1013215859030838,0.4713107844012411,2.5518883064689675
Canterbury,7,2020-11-23,9,640,1.40625,0.7415644177835324,2.650801594293493
Canterbury,8,2021-01-14,8,621,1.288244766505636,0.6541877851951698,2.5212511266437247
Carlisle,7,2020-11-23,3,516,0.5813953488372093,0.19791980854032437,1.6952456275178804
Carlisle,8,2021-01-14,7,530,1.3207547169811322,0.6412147089265245,2.7008746934416585
Castle Point,7,2020-11-23,2,475,0.42105263157894735,0.1155438621520975,1.5220459238297424
Castle Point,8,2021-01-14,12,509,2.357563850687623,1.3536729209334526,4.0751898088304435
Central Bedfordshire,7,2020-11-23,3,546,0.5494505494505495,0.18703505633390274,1.602837035487291
Central Bedfordshire,8,2021-01-14,10,569,1.7574692442882252,0.9573711898344927,3.2045934259557853
Charnwood,7,2020-11-23,4,499,0.8016032064128256,0.31215668995021995,2.0427523202307833
Charnwood,8,2021-01-14,7,533,1.3133208255159476,0.6375975810767809,2.685815416847658
Chelmsford,7,2020-11-23,2,567,0.3527336860670194,0.09678565597083073,1.2768810074305725
Chelmsford,8,2021-01-14,10,550,1.8181818181818181,0.9905417862011551,3.31420254829851
Cheltenham,7,2020-11-23,6,511,1.1741682974559686,0.5392124349339944,2.5377462188972015
Cheltenham,8,2021-01-14,3,469,0.6396588486140725,0.2177753094270761,1.8635690052697655
Cherwell,7,2020-11-23,5,599,0.8347245409015025,0.35705634118537555,1.9389799745271195
Cherwell,8,2021-01-14,10,585,1.7094017094017095,0.9311139317365793,3.1177617823550805
Cheshire East,7,2020-11-23,4,571,0.7005253940455342,0.27274804431421723,1.7872040762212882
Cheshire East,8,2021-01-14,10,584,1.7123287671232876,0.9327127416045373,3.1230506726541267
Cheshire West and Chester,7,2020-11-23,6,547,1.0968921389396709,0.5036582431263932,2.3722071382865044
Cheshire West and Chester,8,2021-01-14,5,560,0.8928571428571428,0.3819610292022929,2.072888397734901
Chesterfield,7,2020-11-23,4,568,0.7042253521126761,0.2741903579067672,1.796568702675288
Chesterfield,8,2021-01-14,5,552,0.9057971014492754,0.3875053394760678,2.1026757366280746
Chichester,7,2020-11-23,1,597,0.16750418760469013,0.00859184160595487,0.9426382839213442
Chichester,8,2021-01-14,4,601,0.6655574043261231,0.25911776766924544,1.6986611920902803
Chorley,7,2020-11-23,7,460,1.5217391304347827,0.7390429156636634,3.107413342484456
Chorley,8,2021-01-14,6,474,1.2658227848101267,0.5813942372198827,2.7338180634855895
Colchester,7,2020-11-23,2,558,0.35842293906810035,0.0983475904272972,1.2973235010498883
Colchester,8,2021-01-14,6,593,1.0118043844856661,0.46452091047039323,2.189694641511442
Copeland,7,2020-11-23,2,555,0.36036036036036034,0.09887949878277814,1.3042839023796398
Copeland,8,2021-01-14,4,493,0.8113590263691683,0.3159610561062155,2.067386510902601
Corby,7,2020-11-23,2,424,0.4716981132075472,0.12945208940232533,1.7033433676598282
Corby,8,2021-01-14,8,430,1.8604651162790697,0.9456748931511753,3.6277604983461975
Cornwall,7,2020-11-23,0,566,0,4.3075730635449517e-17,0.674127647476572
Cornwall,8,2021-01-14,3,588,0.5102040816326531,0.17366396148358904,1.4891899454232131
Cotswold,7,2020-11-23,2,571,0.3502626970227671,0.0961072762924668,1.2680008095754405
Cotswold,8,2021-01-14,5,558,0.8960573476702508,0.3833321796473073,2.0802558314167676
County Durham,7,2020-11-23,4,515,0.7766990291262136,0.3024456706960848,1.979842804787213
County Durham,8,2021-01-14,6,496,1.2096774193548387,0.5555530877587914,2.6137436044503386
Coventry,7,2020-11-23,3,501,0.5988023952095809,0.20385151314762565,1.7455642190079106
Coventry,8,2021-01-14,10,489,2.044989775051125,1.1145175927376298,3.7230337930048876
Craven,7,2020-11-23,4,506,0.7905138339920948,0.30783244871245524,2.014744229944555
Craven,8,2021-01-14,2,482,0.4149377593360996,0.11386474945792582,1.500130655489208
Crawley,7,2020-11-23,4,530,0.7547169811320755,0.2938747847934269,1.924285424579037
Crawley,8,2021-01-14,10,502,1.9920318725099602,1.0855619731696342,3.6276655420833643
Croydon,7,2020-11-23,2,485,0.4123711340206186,0.11315997683531473,1.4909304044533869
Croydon,8,2021-01-14,10,523,1.9120458891013385,1.0418378050715316,3.4835195717115957
Dacorum,7,2020-11-23,1,548,0.18248175182481752,0.00936009021670631,1.0263195430310839
Dacorum,8,2021-01-14,9,577,1.559792027729636,0.8227407072378796,2.9375726259459674
Darlington,7,2020-11-23,3,509,0.5893909626719057,0.20064438728930356,1.7183617015173767
Darlington,8,2021-01-14,9,497,1.8108651911468814,0.9555697977157055,3.405382842291993
Dartford,7,2020-11-23,9,512,1.7578125,0.9274933048931776,3.306648493369336
Dartford,8,2021-01-14,12,531,2.2598870056497176,1.297388320982552,3.908165280281553
Daventry,7,2020-11-23,5,598,0.8361204013377926,0.3576542855845929,1.9421970486548936
Daventry,8,2021-01-14,5,593,0.8431703204047217,0.3606743017463161,1.9584438855263342
Derby,7,2020-11-23,4,509,0.7858546168958742,0.30601566128237295,2.0029744987417755
Derby,8,2021-01-14,7,550,1.2727272727272727,0.6178474842326085,2.603554333299128
Derbyshire Dales,7,2020-11-23,5,623,0.8025682182985553,0.34328234267098745,1.864845187172795
Derbyshire Dales,8,2021-01-14,3,622,0.482315112540193,0.16416338760678262,1.4083528913944363
Doncaster,7,2020-11-23,1,535,0.1869158878504673,0.009587531661224407,1.0510745963562005
Doncaster,8,2021-01-14,6,491,1.2219959266802443,0.5612223071996875,2.640097739517392
Dorset,7,2020-11-23,1,620,0.16129032258064516,0.008273111997992029,0.9078917482784433
Dorset,8,2021-01-14,10,630,1.5873015873015872,0.8644343179202241,2.89698874598803
Dover,7,2020-11-23,4,563,0.7104795737122558,0.2766284134606504,1.81239641639744
Dover,8,2021-01-14,6,568,1.056338028169014,0.48500337191971116,2.2852502668010435
Dudley,7,2020-11-23,7,536,1.3059701492537312,0.6340210334122465,2.6709231366167696
Dudley,8,2021-01-14,12,487,2.4640657084188913,1.4150626987411097,4.257127031846562
Ealing,7,2020-11-23,3,472,0.6355932203389831,0.21638966580789287,1.8518325620502658
Ealing,8,2021-01-14,11,514,2.140077821011673,1.1991073447504368,3.791118598059193
East Cambridgeshire,7,2020-11-23,1,581,0.17211703958691912,0.008828449980645539,0.9684213098668699
East Cambridgeshire,8,2021-01-14,4,606,0.6600660066006601,0.25697740839329597,1.6847500109909204
East Devon,7,2020-11-23,5,627,0.7974481658692184,0.3410893351336683,1.8530370380076255
East Devon,8,2021-01-14,4,675,0.5925925925925926,0.2306818756867776,1.5136810630862165
East Hampshire,7,2020-11-23,3,583,0.5145797598627788,0.17515464795617075,1.5018670881139669
East Hampshire,8,2021-01-14,4,638,0.6269592476489028,0.24407438104385226,1.600845210540551
East Hertfordshire,7,2020-11-23,0,610,0,4.309668665826268e-17,0.6258063487719281
East Hertfordshire,8,2021-01-14,14,614,2.2801302931596092,1.362998854781681,3.7906628760888186
East Lindsey,7,2020-11-23,13,646,2.0123839009287927,1.1797560987057727,3.412357626209407
East Lindsey,8,2021-01-14,2,593,0.33726812816188867,0.09253986346603457,1.2212862296790616
East Northamptonshire,7,2020-11-23,3,587,0.5110732538330494,0.17396006543270587,1.4917082240501358
East Northamptonshire,8,2021-01-14,5,556,0.8992805755395683,0.3847132098036248,2.0876758215216284
East Riding of Yorkshire,7,2020-11-23,3,614,0.4885993485342019,0.16630407914890616,1.426573621139939
East Riding of Yorkshire,8,2021-01-14,4,609,0.6568144499178982,0.2557100817117977,1.6765121350228427
East Staffordshire,7,2020-11-23,10,517,1.9342359767891684,1.0539668233008455,3.523521857165706
East Staffordshire,8,2021-01-14,4,506,0.7905138339920948,0.30783244871245524,2.014744229944555
East Suffolk,7,2020-11-23,4,583,0.6861063464837049,0.2671274022302586,1.7507018841481277
East Suffolk,8,2021-01-14,9,608,1.4802631578947367,0.780689360711019,2.7891012289611607
Eastbourne,7,2020-11-23,4,530,0.7547169811320755,0.2938747847934269,1.924285424579037
Eastbourne,8,2021-01-14,11,597,1.8425460636515913,1.0319052825993487,3.2689728344691096
Eastleigh,7,2020-11-23,5,593,0.8431703204047217,0.3606743017463161,1.9584438855263342
Eastleigh,8,2021-01-14,9,606,1.4851485148514851,0.7832722022136239,2.798225661662496
Eden,7,2020-11-23,0,546,0,0,0.6986484483969846
Eden,8,2021-01-14,5,525,0.9523809523809524,0.40746690866574375,2.209850359076521
Elmbridge,7,2020-11-23,2,531,0.3766478342749529,0.10335126273046591,1.362776445092382
Elmbridge,8,2021-01-14,5,586,0.8532423208191127,0.36498903256668963,1.9816515118887976
Enfield,7,2020-11-23,4,490,0.8163265306122449,0.31789822635220205,2.0799277579164794
Enfield,8,2021-01-14,16,456,3.508771929824561,2.1711247246198146,5.623183103259135
Epping Forest,7,2020-11-23,5,460,1.0869565217391304,0.4651517211011756,2.5189409160437886
Epping Forest,8,2021-01-14,10,448,2.232142857142857,1.216886900303612,4.059622892073634
Epsom and Ewell,7,2020-11-23,3,564,0.5319148936170213,0.18106051928192152,1.5520744372837874
Epsom and Ewell,8,2021-01-14,16,614,2.6058631921824107,1.6102590613725998,4.190817947785474
Erewash,7,2020-11-23,2,523,0.3824091778202677,0.10493310764876979,1.3834575057715943
Erewash,8,2021-01-14,7,558,1.2544802867383513,0.6089706144626663,2.5665620096593353
Exeter,7,2020-11-23,0,545,0,4.306454437857203e-17,0.6999213996967975
Exeter,8,2021-01-14,3,534,0.5617977528089888,0.19124205785642445,1.6385645997175644
Fareham,7,2020-11-23,3,603,0.4975124378109453,0.16934035312493212,1.4524108765651969
Fareham,8,2021-01-14,3,603,0.4975124378109453,0.16934035312493212,1.4524108765651969
Fenland,7,2020-11-23,5,576,0.8680555555555556,0.37133512706376365,2.015775799575643
Fenland,8,2021-01-14,11,552,1.9927536231884055,1.1162964701255995,3.5327735858433953
Folkestone and Hythe,7,2020-11-23,5,551,0.9074410163339384,0.3882097160537645,2.106459454868305
Folkestone and Hythe,8,2021-01-14,7,588,1.1904761904761905,0.5778379884175715,2.4367292668479004
Forest of Dean,7,2020-11-23,2,550,0.36363636363636365,0.09977891479821578,1.316052041120307
Forest of Dean,8,2021-01-14,8,497,1.6096579476861168,0.8178455306571316,3.143779145425755
Fylde,7,2020-11-23,4,526,0.7604562737642585,0.29611249471991435,1.9387935556768405
Fylde,8,2021-01-14,3,537,0.5586592178770949,0.19017266381460343,1.629484217178478
Gateshead,7,2020-11-23,5,492,1.0162601626016259,0.43484490864850367,2.356664065533396
Gateshead,8,2021-01-14,4,445,0.8988764044943821,0.35009493094153604,2.2881325741126757
Gedling,7,2020-11-23,8,536,1.4925373134328357,0.758189371783798,2.9172339393562186
Gedling,8,2021-01-14,6,536,1.1194029850746268,0.5140143431660495,2.4204506857519665
Gloucester,7,2020-11-23,7,492,1.4227642276422763,0.690858985630675,2.9073594576451502
Gloucester,8,2021-01-14,2,458,0.43668122270742354,0.11983553963812099,1.5780325644331732
Gosport,7,2020-11-23,4,559,0.7155635062611807,0.2786102990710527,1.8252608062141198
Gosport,8,2021-01-14,5,558,0.8960573476702508,0.3833321796473073,2.0802558314167676
Gravesham,7,2020-11-23,7,542,1.2915129151291513,0.6269869773377181,2.641628576204349
Gravesham,8,2021-01-14,15,505,2.9702970297029703,1.8081575785310178,4.84253061404002
Great Yarmouth,7,2020-11-23,3,544,0.5514705882352942,0.1877233222039337,1.6086830399358087
Great Yarmouth,8,2021-01-14,6,519,1.1560693641618496,0.5308844020969065,2.4989936906667496
Greenwich,7,2020-11-23,2,511,0.3913894324853229,0.10739879955255856,1.4156834399112022
Greenwich,8,2021-01-14,12,510,2.3529411764705883,1.351008790716462,4.067288690493488
Guildford,7,2020-11-23,7,637,1.098901098901099,0.5333061586102783,2.2507613474975194
Guildford,8,2021-01-14,10,683,1.4641288433382138,0.7971958224226641,2.673977694334737
Hackney,7,2020-11-23,1,446,0.2242152466367713,0.01150073865191717,1.2589689931501993
Hackney,8,2021-01-14,10,441,2.2675736961451247,1.2362739876836832,4.123266663922735
Halton,7,2020-11-23,4,390,1.0256410256410255,0.3995544320242873,2.6071018139056865
Halton,8,2021-01-14,4,367,1.08991825613079,0.42464161547315915,2.7684907970545343
Hambleton,7,2020-11-23,4,582,0.6872852233676976,0.26758692593135475,1.753686686989643
Hambleton,8,2021-01-14,7,587,1.192504258943782,0.5788243697647256,2.440845044819902
Hammersmith and Fulham,7,2020-11-23,4,518,0.7722007722007722,0.300691730061879,1.9684761600200158
Hammersmith and Fulham,8,2021-01-14,14,508,2.7559055118110236,1.6486063365660584,4.572354914610875
Harborough,7,2020-11-23,7,603,1.1608623548922055,0.5634356321524409,2.376617088597117
Harborough,8,2021-01-14,7,571,1.2259194395796849,0.5950773202118143,2.5086408523250894
Haringey,7,2020-11-23,5,488,1.0245901639344261,0.43841551072002305,2.375795973989356
Haringey,8,2021-01-14,12,459,2.6143790849673203,1.501741708081166,4.513592115218352
Harlow,7,2020-11-23,6,514,1.1673151750972763,0.5360589821709687,2.52307399199658
Harlow,8,2021-01-14,11,477,2.3060796645702304,1.2924640488466106,4.081751994019695
Harrogate,7,2020-11-23,2,571,0.3502626970227671,0.0961072762924668,1.2680008095754405
Harrogate,8,2021-01-14,2,501,0.39920159680638717,0.10954382745995618,1.4437079278558045
Harrow,7,2020-11-23,6,546,1.098901098901099,0.5045824312915365,2.376513303953866
Harrow,8,2021-01-14,17,463,3.6717062634989204,2.30486810082233,5.800979849419037
Hart,7,2020-11-23,5,590,0.847457627118644,0.36251091700914556,1.9683231153909815
Hart,8,2021-01-14,5,589,0.8488964346349746,0.3631272857791086,1.9716383779158952
Hartlepool,7,2020-11-23,9,410,2.195121951219512,1.1590735182474114,4.118662280126868
Hartlepool,8,2021-01-14,7,464,1.5086206896551724,0.7326555339547608,3.080913888829567
Hastings,7,2020-11-23,6,521,1.1516314779270633,0.5288424347527066,2.4894897786150203
Hastings,8,2021-01-14,18,577,3.119584055459272,1.9822423981183364,4.877023278540807
Havant,7,2020-11-23,5,570,0.8771929824561403,0.37524982722915207,2.036820372288988
Havant,8,2021-01-14,6,573,1.0471204188481675,0.48076363853564835,2.265477738268424
Havering,7,2020-11-23,9,510,1.7647058823529411,0.9311411346208567,3.319481006850943
Havering,8,2021-01-14,16,480,3.3333333333333335,2.062027019724143,5.345659561755131
"Herefordshire, County of",7,2020-11-23,3,606,0.49504950495049505,0.1685013376284858,1.4452719928573505
"Herefordshire, County of",8,2021-01-14,4,562,0.7117437722419928,0.27712123675910244,1.8155954838173032
Hertsmere,7,2020-11-23,4,501,0.7984031936127743,0.31090884518940765,2.034670863805904
Hertsmere,8,2021-01-14,15,570,2.631578947368421,1.6011434511963514,4.296209955481855
High Peak,7,2020-11-23,7,563,1.2433392539964476,0.6035509492440859,2.5439709094804033
High Peak,8,2021-01-14,3,552,0.5434782608695652,0.18500021067366437,1.5855512054755272
Hillingdon,7,2020-11-23,5,469,1.0660980810234542,0.45620914841665433,2.4710846754404736
Hillingdon,8,2021-01-14,13,473,2.748414376321353,1.613098703899567,4.645052358404636
Hinckley and Bosworth,7,2020-11-23,7,599,1.1686143572621035,0.5672055913855755,2.392355095697294
Hinckley and Bosworth,8,2021-01-14,6,514,1.1673151750972763,0.5360589821709687,2.52307399199658
Horsham,7,2020-11-23,2,602,0.33222591362126247,0.09115565802464763,1.2031530602921845
Horsham,8,2021-01-14,7,618,1.132686084142395,0.549733764685216,2.31939928645132
Hounslow,7,2020-11-23,2,528,0.3787878787878788,0.10393883389593095,1.3704589759479622
Hounslow,8,2021-01-14,15,500,3,1.8263213197913384,4.890366683594571
Huntingdonshire,7,2020-11-23,1,614,0.16286644951140067,0.008353956740643416,0.9167067068566512
Huntingdonshire,8,2021-01-14,8,588,1.3605442176870748,0.6909859557968834,2.661509636558255
Hyndburn,7,2020-11-23,3,398,0.7537688442211055,0.25667390768225956,2.192416051720234
Hyndburn,8,2021-01-14,4,383,1.0443864229765014,0.4068701218597184,2.654192375627861
Ipswich,7,2020-11-23,1,586,0.17064846416382254,0.008753121909138325,0.9602138871110515
Ipswich,8,2021-01-14,6,570,1.0526315789473684,0.4832985366779862,2.2772999835561603
Isle of Wight,7,2020-11-23,2,639,0.3129890453834116,0.08587488992224733,1.1339373535319073
Isle of Wight,8,2021-01-14,15,623,2.4077046548956664,1.4644353958789063,3.934291562028701
Islington,7,2020-11-23,6,456,1.3157894736842104,0.604395821900912,2.8405869035194984
Islington,8,2021-01-14,5,488,1.0245901639344261,0.43841551072002305,2.375795973989356
Kensington and Chelsea,7,2020-11-23,2,509,0.3929273084479371,0.10782105826460317,1.4212009593246084
Kensington and Chelsea,8,2021-01-14,11,481,2.2869022869022873,1.2816764528761617,4.048201665127545
Kettering,7,2020-11-23,3,536,0.5597014925373134,0.1905277971512011,1.6324998084338151
Kettering,8,2021-01-14,4,551,0.7259528130671506,0.2826605034516867,1.8515453372334956
King's Lynn and West Norfolk,7,2020-11-23,4,604,0.6622516556291391,0.25782929489063233,1.690287051708755
King's Lynn and West Norfolk,8,2021-01-14,1,584,0.17123287671232876,0.008783098354032633,0.9634801054489093
"Kingston upon Hull, City of",7,2020-11-23,11,520,2.1153846153846154,1.1852245614868318,3.747844096131466
"Kingston upon Hull, City of",8,2021-01-14,6,482,1.2448132780082988,0.5717239357108096,2.688899161203736
Kingston upon Thames,7,2020-11-23,1,520,0.19230769230769232,0.009864095074528957,1.0811645081240573
Kingston upon Thames,8,2021-01-14,12,600,2,1.1477178627043527,3.463005434610916
Kirklees,7,2020-11-23,9,492,1.8292682926829267,0.9653102233985288,3.4396176889712233
Kirklees,8,2021-01-14,6,467,1.284796573875803,0.5901281348220059,2.774371427381345
Knowsley,7,2020-11-23,1,358,0.27932960893854747,0.014327735862444294,1.5650441212093469
Knowsley,8,2021-01-14,8,308,2.5974025974025974,1.3218978587298666,5.040777231275652
Lambeth,7,2020-11-23,4,508,0.7874015748031495,0.30661886962481744,2.0068824336844884
Lambeth,8,2021-01-14,13,540,2.4074074074074074,1.4122045879256948,4.074956851624085
Lancaster,7,2020-11-23,1,550,0.18181818181818182,0.009326053525009195,1.0226141966901887
Lancaster,8,2021-01-14,6,514,1.1673151750972763,0.5360589821709687,2.52307399199658
Leeds,7,2020-11-23,5,480,1.0416666666666665,0.4457355664744669,2.415007052488164
Leeds,8,2021-01-14,0,479,0,0,0.7955942370973308
Leicester,7,2020-11-23,8,406,1.9704433497536946,1.001761780934526,3.8394904627470416
Leicester,8,2021-01-14,6,344,1.744186046511628,0.8017658050681916,3.7524523362661646
Lewes,7,2020-11-23,2,646,0.30959752321981426,0.08494390638107364,1.121728692644
Lewes,8,2021-01-14,12,575,2.086956521739131,1.1977829035052088,3.612076237790074
Lewisham,7,2020-11-23,2,541,0.36968576709796674,0.10143978304027124,1.3377786710155033
Lewisham,8,2021-01-14,11,511,2.152641878669276,1.2061714159376358,3.813132755852855
Lichfield,7,2020-11-23,6,563,1.0657193605683837,0.48931854922074636,2.305370966548277
Lichfield,8,2021-01-14,5,512,0.9765625,0.41783017067402956,2.265447527155489
Lincoln,7,2020-11-23,7,542,1.2915129151291513,0.6269869773377181,2.641628576204349
Lincoln,8,2021-01-14,2,509,0.3929273084479371,0.10782105826460317,1.4212009593246084
Liverpool,7,2020-11-23,3,324,0.9259259259259258,0.3153882984441191,2.6865074520493226
Liverpool,8,2021-01-14,8,384,2.083333333333333,1.0593552545021132,4.056513193658602
Luton,7,2020-11-23,3,435,0.6896551724137931,0.23481655997768322,2.007783500449889
Luton,8,2021-01-14,16,435,3.67816091954023,2.2765153057712153,5.89077566008499
Maidstone,7,2020-11-23,8,551,1.4519056261343013,0.7374988420323086,2.838560319600421
Maidstone,8,2021-01-14,14,562,2.491103202846975,1.489593999109134,4.137681684623359
Maldon,7,2020-11-23,2,523,0.3824091778202677,0.10493310764876979,1.3834575057715943
Maldon,8,2021-01-14,4,534,0.7490636704119851,0.29167064183223906,1.9099928087054845
Malvern Hills,7,2020-11-23,1,555,0.18018018018018017,0.009242035024783888,1.0134668367373536
Malvern Hills,8,2021-01-14,5,570,0.8771929824561403,0.37524982722915207,2.036820372288988
Manchester,7,2020-11-23,2,442,0.4524886877828055,0.12417655043495297,1.6346232797638254
Manchester,8,2021-01-14,6,458,1.3100436681222707,0.6017506058103452,2.828313655017402
Mansfield,7,2020-11-23,9,502,1.7928286852589643,0.9460239814978226,3.3718227350632803
Mansfield,8,2021-01-14,9,495,1.8181818181818181,0.9594422836063923,3.4189946795781205
Medway,7,2020-11-23,4,528,0.7575757575757576,0.29498939614339204,1.9315122472131427
Medway,8,2021-01-14,8,523,1.5296367112810707,0.7770836507382574,2.9890320352041795
Melton,7,2020-11-23,4,576,0.6944444444444444,0.2703776151042126,1.7718114420180187
Melton,8,2021-01-14,2,553,0.3616636528028933,0.0992373123672799,1.3089658119656578
Mendip,7,2020-11-23,1,565,0.17699115044247787,0.00907845918363727,0.9956544302737761
Mendip,8,2021-01-14,4,590,0.6779661016949152,0.2639544029984493,1.7300894019271953
Merton,7,2020-11-23,2,504,0.3968253968253968,0.10889137591710998,1.4351847692057214
Merton,8,2021-01-14,13,520,2.5,1.4667315289537015,4.229926938643565
Mid Devon,7,2020-11-23,1,557,0.17953321364452424,0.009208849979811595,1.0098535506515836
Mid Devon,8,2021-01-14,4,576,0.6944444444444444,0.2703776151042126,1.7718114420180187
Mid Suffolk,7,2020-11-23,1,610,0.16393442622950818,0.008408736784844356,0.9226790617091936
Mid Suffolk,8,2021-01-14,5,635,0.7874015748031495,0.33678631799829634,1.8298637372823292
Mid Sussex,7,2020-11-23,6,597,1.0050251256281406,0.4614031849710048,2.175142377611687
Mid Sussex,8,2021-01-14,8,623,1.2841091492776886,0.6520831545791368,2.5132242036837926
Middlesbrough,7,2020-11-23,7,446,1.5695067264573992,0.7623034185377082,3.2038625430140235
Middlesbrough,8,2021-01-14,6,466,1.2875536480686696,0.5913973016632148,2.780263185782127
Milton Keynes,7,2020-11-23,6,510,1.1764705882352942,0.540271846847681,2.54267495488597
Milton Keynes,8,2021-01-14,11,525,2.0952380952380953,1.1738987915466548,3.7125295301511296
Mole Valley,7,2020-11-23,5,574,0.8710801393728222,0.37263092006210313,2.0227421722291457
Mole Valley,8,2021-01-14,8,621,1.288244766505636,0.6541877851951698,2.5212511266437247
New Forest,7,2020-11-23,4,577,0.6932409012131715,0.26990846497720883,1.768764677387029
New Forest,8,2021-01-14,6,629,0.9538950715421303,0.4378912297190063,2.0653358581862054
Newark and Sherwood,7,2020-11-23,2,582,0.3436426116838488,0.09428983907827772,1.2442051927480933
Newark and Sherwood,8,2021-01-14,5,546,0.9157509157509158,0.3917703621649113,2.1255841586057547
Newcastle upon Tyne,7,2020-11-23,5,448,1.1160714285714286,0.47763514111964966,2.5857089922009884
Newcastle upon Tyne,8,2021-01-14,7,468,1.4957264957264957,0.7263776165077358,3.05486256219265
Newcastle-under-Lyme,7,2020-11-23,5,534,0.9363295880149813,0.4005884021967894,2.172931841304669
Newcastle-under-Lyme,8,2021-01-14,4,479,0.8350730688935281,0.3252090845728792,2.1272437038881704
Newham,7,2020-11-23,6,248,2.4193548387096775,1.1134220358494396,5.1768285427786465
Newham,8,2021-01-14,13,307,4.234527687296417,2.4911219309641868,7.109096435630173
North Devon,7,2020-11-23,1,566,0.17667844522968199,0.009062419503100808,0.9939075663929228
North Devon,8,2021-01-14,2,564,0.3546099290780142,0.09730075893989194,1.283623211807056
North East Derbyshire,7,2020-11-23,6,576,1.0416666666666665,0.47825519281100987,2.2537776033455716
North East Derbyshire,8,2021-01-14,6,571,1.0507880910683012,0.48245060568954373,2.2733455495135604
North East Lincolnshire,7,2020-11-23,4,573,0.6980802792321117,0.27179490241852655,1.781015040352063
North East Lincolnshire,8,2021-01-14,2,476,0.42016806722689076,0.11530096330789631,1.5188760500677447
North Hertfordshire,7,2020-11-23,1,587,0.17035775127768313,0.008738210287487322,0.9585890682905652
North Hertfordshire,8,2021-01-14,7,631,1.109350237717908,0.538386744931846,2.2719934803667834
North Kesteven,7,2020-11-23,5,603,0.8291873963515755,0.35468442429151736,1.9262175509283264
North Kesteven,8,2021-01-14,7,579,1.2089810017271159,0.5868383313728867,2.4742786414646423
North Lincolnshire,7,2020-11-23,5,581,0.8605851979345954,0.36813473246888556,1.9985680058432695
North Lincolnshire,8,2021-01-14,5,498,1.0040160642570282,0.4295967404483235,2.328537044118013
North Norfolk,7,2020-11-23,0,589,0,4.308707294960666e-17,0.6479740516690112
North Norfolk,8,2021-01-14,1,622,0.1607717041800643,0.008246510351696233,0.904990981112332
North Somerset,7,2020-11-23,8,638,1.2539184952978055,0.6367199055076631,2.4546134055486837
North Somerset,8,2021-01-14,6,607,0.9884678747940692,0.4537889462264722,2.1395940980871933
North Tyneside,7,2020-11-23,2,480,0.4166666666666667,0.11433949532137715,1.506327497500351
North Tyneside,8,2021-01-14,2,475,0.42105263157894735,0.1155438621520975,1.5220459238297424
North Warwickshire,7,2020-11-23,3,512,0.5859375,0.19946757921860936,1.7083780683944112
North Warwickshire,8,2021-01-14,10,447,2.237136465324385,1.2196191722781662,4.068594312581532
North West Leicestershire,7,2020-11-23,6,522,1.1494252873563218,0.5278273303937624,2.4847648787146257
North West Leicestershire,8,2021-01-14,4,569,0.7029876977152899,0.2737078947841814,1.7934362754495996
Northampton,7,2020-11-23,4,546,0.7326007326007326,0.2852522280695768,1.868361078226353
Northampton,8,2021-01-14,7,489,1.4314928425357873,0.6951076821961067,2.925013657308575
Northumberland,7,2020-11-23,3,501,0.5988023952095809,0.20385151314762565,1.7455642190079106
Northumberland,8,2021-01-14,3,556,0.539568345323741,0.1836680676649954,1.5742329712157541
Norwich,7,2020-11-23,3,564,0.5319148936170213,0.18106051928192152,1.5520744372837874
Norwich,8,2021-01-14,12,579,2.072538860103627,1.1894810097156834,3.5873684060804734
Nottingham,7,2020-11-23,8,478,1.6736401673640167,0.8504452161221214,3.267394471076246
Nottingham,8,2021-01-14,6,495,1.2121212121212122,0.5566777501760264,2.618972256570556
Nuneaton and Bedworth,7,2020-11-23,6,516,1.1627906976744187,0.5339770921843321,2.5133863975673054
Nuneaton and Bedworth,8,2021-01-14,5,442,1.1312217194570136,0.4841315358668188,2.6204381596717026
Oadby and Wigston,7,2020-11-23,7,450,1.5555555555555556,0.7555094832788614,3.1757000776667406
Oadby and Wigston,8,2021-01-14,6,508,1.1811023622047243,0.5424032088181335,2.552590084064698
Oldham,7,2020-11-23,10,391,2.557544757033248,1.3950254196738823,4.643210507197475
Oldham,8,2021-01-14,3,431,0.6960556844547563,0.23699838205375315,2.02623080666816
Oxford,7,2020-11-23,2,560,0.35714285714285715,0.09799615274854387,1.292724358846147
Oxford,8,2021-01-14,9,567,1.5873015873015872,0.8372891220191229,2.9888973756849095
Pendle,7,2020-11-23,3,382,0.7853403141361256,0.267438847092573,2.2832095074865513
Pendle,8,2021-01-14,1,402,0.24875621890547264,0.012759525967052382,1.3954199331865844
Peterborough,7,2020-11-23,2,548,0.36496350364963503,0.10014327938673746,1.3208189726070896
Peterborough,8,2021-01-14,5,516,0.9689922480620154,0.41458576475850006,2.24804504042866
Plymouth,7,2020-11-23,2,596,0.33557046979865773,0.09207381422745643,1.2151814121969828
Plymouth,8,2021-01-14,3,517,0.5802707930367506,0.1975366117152033,1.691994003412377
Portsmouth,7,2020-11-23,5,551,0.9074410163339384,0.3882097160537645,2.106459454868305
Portsmouth,8,2021-01-14,6,561,1.06951871657754,0.49106619712635274,2.3135188016038684
Preston,7,2020-11-23,5,439,1.1389521640091116,0.4874464562150271,2.638154940175122
Preston,8,2021-01-14,2,399,0.5012531328320802,0.13756948845566827,1.8089677035329002
Reading,7,2020-11-23,4,589,0.6791171477079796,0.26440306569835403,1.7330042755914516
Reading,8,2021-01-14,14,520,2.6923076923076925,1.6104043272968858,4.468049045289867
Redbridge,7,2020-11-23,6,479,1.2526096033402923,0.5753123637441724,2.705569700398737
Redbridge,8,2021-01-14,9,407,2.211302211302211,1.1676483470705026,4.148625936296434
Redcar and Cleveland,7,2020-11-23,4,517,0.7736943907156674,0.3012741122376072,1.9722505122241119
Redcar and Cleveland,8,2021-01-14,2,497,0.4024144869215292,0.11042602318348275,1.4552308693505358
Redditch,7,2020-11-23,4,542,0.7380073800738007,0.2873600803039529,1.8820351954374557
Redditch,8,2021-01-14,7,509,1.37524557956778,0.6677312628419189,2.811211110834635
Reigate and Banstead,7,2020-11-23,1,553,0.18083182640144665,0.009275460106247843,1.017106072519288
Reigate and Banstead,8,2021-01-14,6,583,1.0291595197255576,0.4725027253839587,2.2269416616109257
Ribble Valley,7,2020-11-23,2,487,0.41067761806981523,0.1126949554287712,1.4848593423549117
Ribble Valley,8,2021-01-14,8,469,1.7057569296375266,0.8668117259575595,3.329406361639998
Richmond upon Thames,7,2020-11-23,4,575,0.6956521739130435,0.27084839901069574,1.7748687209791862
Richmond upon Thames,8,2021-01-14,7,585,1.1965811965811968,0.5808072697621003,2.4491184519128333
Richmondshire,7,2020-11-23,3,533,0.5628517823639775,0.1916012002262377,1.6416139248338384
Richmondshire,8,2021-01-14,5,525,0.9523809523809524,0.40746690866574375,2.209850359076521
Rochdale,7,2020-11-23,3,415,0.7228915662650602,0.2461467744184392,2.1035391540959223
Rochdale,8,2021-01-14,8,424,1.8867924528301887,0.9590994600000059,3.6784732697175144
Rochford,7,2020-11-23,3,483,0.6211180124223602,0.21145639290929422,1.8100351301285529
Rochford,8,2021-01-14,6,526,1.1406844106463878,0.5238055857418974,2.4660432750765042
Rossendale,7,2020-11-23,10,490,2.0408163265306123,1.1122355077865653,3.7155201200272927
Rossendale,8,2021-01-14,8,435,1.839080459770115,0.9347715239788689,3.5865558077674082
Rother,7,2020-11-23,3,561,0.53475935828877,0.1820296270215761,1.5603103990171718
Rother,8,2021-01-14,9,593,1.5177065767284992,0.8004864045489694,2.8590212415604195
Rotherham,7,2020-11-23,7,515,1.3592233009708738,0.6599339294092373,2.7787771676659743
Rotherham,8,2021-01-14,2,480,0.4166666666666667,0.11433949532137715,1.506327497500351
Rugby,7,2020-11-23,5,537,0.931098696461825,0.3983468856686904,2.1608982674073056
Rugby,8,2021-01-14,5,548,0.9124087591240875,0.3903382943979258,2.117892756287146
Runnymede,7,2020-11-23,7,534,1.3108614232209739,0.6364009234626015,2.680832905966327
Runnymede,8,2021-01-14,6,605,0.9917355371900827,0.4552916228696281,2.1466104965061628
Rushcliffe,7,2020-11-23,4,551,0.7259528130671506,0.2826605034516867,1.8515453372334956
Rushcliffe,8,2021-01-14,4,599,0.667779632721202,0.2599839278894288,1.7042902021378796
Rushmoor,7,2020-11-23,1,500,0.2,0.010258658877510115,1.1240706705146757
Rushmoor,8,2021-01-14,13,543,2.394106813996317,1.4043732869220071,4.052685306449742
Rutland,7,2020-11-23,3,567,0.5291005291005291,0.18010167577333325,1.5439249639570167
Rutland,8,2021-01-14,7,588,1.1904761904761905,0.5778379884175715,2.4367292668479004
Ryedale,7,2020-11-23,1,546,0.18315018315018314,0.00939437626145615,1.030051838922989
Ryedale,8,2021-01-14,5,554,0.9025270758122743,0.38610422683882245,2.09514893242899
Salford,7,2020-11-23,8,385,2.0779220779220777,1.0565940747875155,4.046117678447518
Salford,8,2021-01-14,3,376,0.7978723404255319,0.271712215617964,2.3192263436560068
Sandwell,7,2020-11-23,6,429,1.3986013986013985,0.6425260419529347,3.017349530931246
Sandwell,8,2021-01-14,9,435,2.0689655172413794,1.0922319682787844,3.884840817731234
Scarborough,7,2020-11-23,7,578,1.2110726643598615,0.5878557067869353,2.4785223503656266
Scarborough,8,2021-01-14,3,520,0.576923076923077,0.19639587282406484,1.682313544878355
Sedgemoor,7,2020-11-23,2,588,0.3401360544217687,0.09332718583412362,1.2315983839830111
Sedgemoor,8,2021-01-14,6,590,1.0169491525423728,0.46688699549736584,2.2007372643772434
Sefton,7,2020-11-23,5,504,0.992063492063492,0.4244737428970296,2.301073488484328
Sefton,8,2021-01-14,11,495,2.2222222222222223,1.2452977560186858,3.9349971781244477
Selby,7,2020-11-23,3,600,0.5,0.17018776582780126,1.459620634528569
Selby,8,2021-01-14,8,536,1.4925373134328357,0.758189371783798,2.9172339393562186
Sevenoaks,7,2020-11-23,3,592,0.5067567567567568,0.17248955772059607,1.479201286379546
Sevenoaks,8,2021-01-14,13,621,2.0933977455716586,1.2274046850184783,3.5484401952197735
Sheffield,7,2020-11-23,10,538,1.858736059479554,1.0127024482740905,3.3873777657029884
Sheffield,8,2021-01-14,3,522,0.5747126436781609,0.1956426716828272,1.675921210473895
Shropshire,7,2020-11-23,2,568,0.35211267605633806,0.0966151648096246,1.2746493176337308
Shropshire,8,2021-01-14,5,585,0.8547008547008548,0.36561386438776966,1.9850118623426802
Slough,7,2020-11-23,5,469,1.0660980810234542,0.45620914841665433,2.4710846754404736
Slough,8,2021-01-14,10,445,2.247191011235955,1.2251206915341772,4.086656630314884
Solihull,7,2020-11-23,5,503,0.9940357852882704,0.4253190738357408,2.305605671922051
Solihull,8,2021-01-14,11,553,1.9891500904159132,1.1142714179675912,3.5264496367150864
Somerset West and Taunton,7,2020-11-23,0,603,0,0,0.6330251113955574
Somerset West and Taunton,8,2021-01-14,3,580,0.5172413793103449,0.1760614072825257,1.509577505817781
South Cambridgeshire,7,2020-11-23,4,632,0.6329113924050633,0.24639406145766873,1.615934771685215
South Cambridgeshire,8,2021-01-14,3,622,0.482315112540193,0.16416338760678262,1.4083528913944363
South Derbyshire,7,2020-11-23,3,513,0.5847953216374269,0.19907837150069332,1.705075920445995
South Derbyshire,8,2021-01-14,9,531,1.694915254237288,0.8942132857382719,3.189512547493456
South Gloucestershire,7,2020-11-23,4,624,0.641025641025641,0.24955643731606256,1.6365023207239888
South Gloucestershire,8,2021-01-14,9,626,1.4376996805111821,0.7581882233292235,2.709582675968157
South Hams,7,2020-11-23,2,617,0.3241491085899514,0.08893843228210402,1.1740988068206446
South Hams,8,2021-01-14,2,643,0.3110419906687403,0.08534041604771538,1.1269286359376791
South Holland,7,2020-11-23,3,602,0.4983388704318937,0.1696218847982667,1.4548062023536257
South Holland,8,2021-01-14,12,625,1.92,1.101670206328097,3.3257507962417656
South Kesteven,7,2020-11-23,8,620,1.2903225806451613,0.6552452033694657,2.525283846142936
South Kesteven,8,2021-01-14,7,580,1.206896551724138,0.5858244713458353,2.470049439481296
South Lakeland,7,2020-11-23,2,557,0.3590664272890485,0.09852425621977402,1.2996353657851156
South Lakeland,8,2021-01-14,3,576,0.5208333333333333,0.17728512544209366,1.5199820621629623
South Norfolk,7,2020-11-23,1,604,0.16556291390728478,0.008492267282707048,0.9317849461405635
South Norfolk,8,2021-01-14,8,620,1.2903225806451613,0.6552452033694657,2.525283846142936
South Northamptonshire,7,2020-11-23,0,579,0,0,0.65909155269545
South Northamptonshire,8,2021-01-14,10,620,1.6129032258064515,0.8784133275537894,2.9433042712995894
South Oxfordshire,7,2020-11-23,4,580,0.6896551724137931,0.2685107326668356,1.7596869298651774
South Oxfordshire,8,2021-01-14,10,636,1.5723270440251573,0.8562584567734227,2.869892528290415
South Ribble,7,2020-11-23,1,448,0.2232142857142857,0.011449396068649682,1.2533979306846614
South Ribble,8,2021-01-14,2,432,0.4629629629629629,0.12705309095591866,1.6721008587191881
South Somerset,7,2020-11-23,1,607,0.16474464579901155,0.008450295615741446,0.9272096478650559
South Somerset,8,2021-01-14,5,652,0.7668711656441718,0.3279934805823272,1.7824950581543424
South Staffordshire,7,2020-11-23,8,511,1.5655577299412915,0.7953800401974607,3.058516820817453
South Staffordshire,8,2021-01-14,10,529,1.890359168241966,1.0299847752680271,3.4444153349375464
South Tyneside,7,2020-11-23,3,456,0.6578947368421052,0.22399068100598213,1.916194513676866
South Tyneside,8,2021-01-14,7,440,1.5909090909090908,0.772726561022578,3.2470553827597017
Southampton,7,2020-11-23,4,553,0.7233273056057866,0.28163695259469823,1.8449034895937373
Southampton,8,2021-01-14,9,553,1.62748643761302,0.8585432393213333,3.063840497505846
Southend-on-Sea,7,2020-11-23,4,485,0.8247422680412372,0.321180174604485,2.1011714093346225
Southend-on-Sea,8,2021-01-14,15,514,2.9182879377431905,1.7763573258908518,4.758742991832442
Southwark,7,2020-11-23,6,469,1.279317697228145,0.5876060735521648,2.762662504885106
Southwark,8,2021-01-14,16,494,3.2388663967611335,2.003306010288229,5.1960660359042965
Spelthorne,7,2020-11-23,7,551,1.2704174228675136,0.6167237483974494,2.5988720829983945
Spelthorne,8,2021-01-14,13,542,2.3985239852398523,1.406974051837956,4.060082057305428
St Albans,7,2020-11-23,3,612,0.49019607843137253,0.1668480038941699,1.4312027086285024
St Albans,8,2021-01-14,9,639,1.4084507042253522,0.7427276191046713,2.6549155355174228
St. Helens,7,2020-11-23,1,461,0.21691973969631237,0.01112652806671379,1.2183542300347794
St. Helens,8,2021-01-14,6,394,1.5228426395939088,0.6997525287536662,3.2820996561976816
Stafford,7,2020-11-23,9,550,1.6363636363636365,0.8632388485863748,3.0803913135906478
Stafford,8,2021-01-14,5,505,0.9900990099009901,0.4236317655323574,2.2965590877785136
Staffordshire Moorlands,7,2020-11-23,3,525,0.5714285714285714,0.19452364032812697,1.666423276095631
Staffordshire Moorlands,8,2021-01-14,4,507,0.7889546351084813,0.30722446071942955,2.010805647492772
Stevenage,7,2020-11-23,3,473,0.6342494714587738,0.2159316947420583,1.8479531958531599
Stevenage,8,2021-01-14,13,501,2.5948103792415167,1.5225808952782005,4.388474605275091
Stockport,7,2020-11-23,8,538,1.486988847583643,0.7553638070464503,2.9064930881196407
Stockport,8,2021-01-14,5,548,0.9124087591240875,0.3903382943979258,2.117892756287146
Stockton-on-Tees,7,2020-11-23,4,453,0.8830022075055187,0.34390284954923783,2.24812521446712
Stockton-on-Tees,8,2021-01-14,5,477,1.0482180293501049,0.44854400447610293,2.4300469669932703
Stoke-on-Trent,7,2020-11-23,8,497,1.6096579476861168,0.8178455306571316,3.143779145425755
Stoke-on-Trent,8,2021-01-14,4,461,0.8676789587852495,0.33792599897441394,2.209492824367201
Stratford-on-Avon,7,2020-11-23,1,586,0.17064846416382254,0.008753121909138325,0.9602138871110515
Stratford-on-Avon,8,2021-01-14,8,580,1.3793103448275863,0.700538789894796,2.6978938703640423
Stroud,7,2020-11-23,5,579,0.8635578583765112,0.3694082474753834,2.0054157481786943
Stroud,8,2021-01-14,6,507,1.183431952662722,0.5434752084359032,2.55757670251608
Sunderland,7,2020-11-23,4,446,0.8968609865470852,0.34930875385268206,2.2830539571650466
Sunderland,8,2021-01-14,4,450,0.8888888888888888,0.346199040217373,2.2629629458788565
Surrey Heath,7,2020-11-23,6,585,1.0256410256410255,0.470884493357837,2.2193912308448547
Surrey Heath,8,2021-01-14,11,630,1.746031746031746,0.9777021004290701,3.0992572813024357
Sutton,7,2020-11-23,4,506,0.7905138339920948,0.30783244871245524,2.014744229944555
Sutton,8,2021-01-14,12,563,2.1314387211367674,1.223398776107508,3.6882847973943136
Swale,7,2020-11-23,8,607,1.3179571663920924,0.6693093917152819,2.5789080523004775
Swale,8,2021-01-14,7,519,1.348747591522158,0.6548360954239221,2.757567133068477
Swindon,7,2020-11-23,7,534,1.3108614232209739,0.6364009234626015,2.680832905966327
Swindon,8,2021-01-14,6,555,1.0810810810810811,0.49638485512638886,2.3383115638049965
Tameside,7,2020-11-23,7,452,1.5486725663716814,0.7521577271715173,3.1618036897763178
Tameside,8,2021-01-14,9,462,1.948051948051948,1.0281945605281186,3.6604089132775615
Tamworth,7,2020-11-23,11,482,2.2821576763485476,1.2790076330421734,4.0399000788316375
Tamworth,8,2021-01-14,2,437,0.4576659038901602,0.1255983527143624,1.6531496901015301
Tandridge,7,2020-11-23,1,550,0.18181818181818182,0.009326053525009195,1.0226141966901887
Tandridge,8,2021-01-14,9,613,1.468189233278956,0.774306171315645,2.7665483721600204
Teignbridge,7,2020-11-23,0,560,0,0,0.6813012346996885
Teignbridge,8,2021-01-14,2,609,0.3284072249589491,0.09010735350222324,1.189417506937806
Telford and Wrekin,7,2020-11-23,1,544,0.1838235294117647,0.009428914409476208,1.033811379450806
Telford and Wrekin,8,2021-01-14,7,446,1.5695067264573992,0.7623034185377082,3.2038625430140235
Tendring,7,2020-11-23,2,549,0.36429872495446264,0.09996076505930616,1.318431198058168
Tendring,8,2021-01-14,13,605,2.1487603305785123,1.2599733208350623,3.6413779896515868
Test Valley,7,2020-11-23,3,589,0.5093378607809848,0.17336886384169803,1.4866801550429092
Test Valley,8,2021-01-14,7,582,1.202749140893471,0.5838072248219626,2.4616342597409764
Tewkesbury,7,2020-11-23,6,510,1.1764705882352942,0.540271846847681,2.54267495488597
Tewkesbury,8,2021-01-14,1,473,0.21141649048625794,0.010844248284894414,1.1877017006899657
Thanet,7,2020-11-23,7,604,1.1589403973509933,0.5625009597736349,2.3727148866922017
Thanet,8,2021-01-14,7,570,1.2280701754385965,0.5961234889224621,2.5130033520276913
Three Rivers,7,2020-11-23,5,515,0.9708737864077669,0.41539213344760445,2.252370549232998
Three Rivers,8,2021-01-14,18,584,3.0821917808219177,1.9583763462808736,4.819209382466906
Thurrock,7,2020-11-23,2,434,0.4608294930875576,0.12646717043745656,1.6644684896562072
Thurrock,8,2021-01-14,9,309,2.912621359223301,1.5397619080812233,5.441876300303624
Tonbridge and Malling,7,2020-11-23,6,575,1.0434782608695654,0.47908842783215555,2.2576641974840768
Tonbridge and Malling,8,2021-01-14,7,565,1.238938053097345,0.6014099982455781,2.535045431301088
Torbay,7,2020-11-23,2,581,0.34423407917383825,0.0944522153660047,1.2463314624030208
Torbay,8,2021-01-14,3,560,0.5357142857142857,0.18235497241249082,1.5630751776297007
Torridge,7,2020-11-23,2,558,0.35842293906810035,0.0983475904272972,1.2973235010498883
Torridge,8,2021-01-14,1,555,0.18018018018018017,0.009242035024783888,1.0134668367373536
Tower Hamlets,7,2020-11-23,7,481,1.4553014553014554,0.7066972845720814,2.9731569226343035
Tower Hamlets,8,2021-01-14,13,449,2.89532293986637,1.6997117837115279,4.890113030122505
Trafford,7,2020-11-23,3,547,0.5484460694698354,0.1866928125230388,1.5999299376533678
Trafford,8,2021-01-14,6,500,1.2,0.55109951740277,2.593036111644729
Tunbridge Wells,7,2020-11-23,5,591,0.8460236886632826,0.36189663713581455,1.965018983059116
Tunbridge Wells,8,2021-01-14,11,601,1.8302828618968388,1.0250172418229928,3.2474178639118563
Uttlesford,7,2020-11-23,1,568,0.17605633802816903,0.00903050957527299,0.9904321634126061
Uttlesford,8,2021-01-14,9,604,1.490066225165563,0.7858721907923872,2.807409988917749
Vale of White Horse,7,2020-11-23,1,617,0.1620745542949757,0.008313337826183239,0.9122779342822999
Vale of White Horse,8,2021-01-14,7,624,1.1217948717948718,0.5444378173561611,2.2972762125211625
Wakefield,7,2020-11-23,10,513,1.949317738791423,1.0622109597876372,3.550704357627979
Wakefield,8,2021-01-14,5,511,0.9784735812133072,0.418649221985955,2.269840328253382
Walsall,7,2020-11-23,13,433,3.0023094688221708,1.7628131478522664,5.068374281393739
Walsall,8,2021-01-14,8,462,1.7316017316017316,0.8799833671015646,3.379289491721259
Waltham Forest,7,2020-11-23,4,498,0.8032128514056224,0.31278437609723286,2.046817169881261
Waltham Forest,8,2021-01-14,14,452,3.0973451327433628,1.853831227613249,5.131373431715249
Wandsworth,7,2020-11-23,2,507,0.39447731755424065,0.1082466504643814,1.426761655008038
Wandsworth,8,2021-01-14,10,544,1.8382352941176472,1.0014995407791514,3.350390670672939
Warrington,7,2020-11-23,4,553,0.7233273056057866,0.28163695259469823,1.8449034895937373
Warrington,8,2021-01-14,5,503,0.9940357852882704,0.4253190738357408,2.305605671922051
Warwick,7,2020-11-23,7,568,1.232394366197183,0.5982269005723423,2.521774027217762
Warwick,8,2021-01-14,2,567,0.3527336860670194,0.09678565597083073,1.2768810074305725
Watford,7,2020-11-23,5,476,1.050420168067227,0.4494880315377376,2.4351019859051624
Watford,8,2021-01-14,12,506,2.371541501976284,1.3617287306581023,4.099078416154507
Waverley,7,2020-11-23,3,577,0.5199306759098787,0.17697760389034095,1.517367500309975
Waverley,8,2021-01-14,10,636,1.5723270440251573,0.8562584567734227,2.869892528290415
Wealden,7,2020-11-23,2,630,0.31746031746031744,0.08710228332883493,1.1500302379934058
Wealden,8,2021-01-14,7,629,1.1128775834658187,0.5401018537273561,2.2791601544763807
Wellingborough,7,2020-11-23,4,489,0.81799591002045,0.3185492391988591,2.084142054067987
Wellingborough,8,2021-01-14,6,482,1.2448132780082988,0.5717239357108096,2.688899161203736
Welwyn Hatfield,7,2020-11-23,6,524,1.1450381679389312,0.5258087678802135,2.475368679622146
Welwyn Hatfield,8,2021-01-14,12,545,2.2018348623853212,1.2639450444507794,3.808823853241021
West Berkshire,7,2020-11-23,1,607,0.16474464579901155,0.008450295615741446,0.9272096478650559
West Berkshire,8,2021-01-14,10,631,1.5847860538827259,0.8630608490160535,2.892437234707548
West Devon,7,2020-11-23,4,556,0.7194244604316548,0.2801154502925196,1.8350295848104814
West Devon,8,2021-01-14,1,599,0.1669449081803005,0.008563154321794754,0.9395116161694648
West Lancashire,7,2020-11-23,0,451,0,0,0.84457094800773
West Lancashire,8,2021-01-14,3,462,0.6493506493506493,0.22107853633919686,1.89154124756934
West Lindsey,7,2020-11-23,4,574,0.6968641114982579,0.2713208252458268,1.7779365687911355
West Lindsey,8,2021-01-14,3,555,0.5405405405405406,0.18399930158775377,1.5770473540169063
West Oxfordshire,7,2020-11-23,0,562,0,0,0.6788931353139714
West Oxfordshire,8,2021-01-14,4,573,0.6980802792321117,0.27179490241852655,1.781015040352063
West Suffolk,7,2020-11-23,1,546,0.18315018315018314,0.00939437626145615,1.030051838922989
West Suffolk,8,2021-01-14,4,593,0.6745362563237773,0.2626175046110148,1.7214033179524506
Westminster,7,2020-11-23,5,470,1.0638297872340425,0.45523670895753593,2.4658793232155496
Westminster,8,2021-01-14,12,467,2.569593147751606,1.4759113204731356,4.437216824705072
Wigan,7,2020-11-23,6,445,1.348314606741573,0.6193705145523242,2.910040262766837
Wigan,8,2021-01-14,16,475,3.3684210526315788,2.0838419405668973,5.401194737118782
Wiltshire,7,2020-11-23,1,584,0.17123287671232876,0.008783098354032633,0.9634801054489093
Wiltshire,8,2021-01-14,2,612,0.32679738562091504,0.08966542495894304,1.1836263790242003
Winchester,7,2020-11-23,3,596,0.5033557046979865,0.17133093110480221,1.4693457303655006
Winchester,8,2021-01-14,5,621,0.8051529790660225,0.344389455398699,1.8708058754005812
Windsor and Maidenhead,7,2020-11-23,6,565,1.0619469026548671,0.4875832966080971,2.2972803196156892
Windsor and Maidenhead,8,2021-01-14,4,563,0.7104795737122558,0.2766284134606504,1.81239641639744
Wirral,7,2020-11-23,3,535,0.5607476635514018,0.19088425934096567,1.6355265818428388
Wirral,8,2021-01-14,6,424,1.4150943396226416,0.6501214094514629,3.0525255627142682
Woking,7,2020-11-23,4,568,0.7042253521126761,0.2741903579067672,1.796568702675288
Woking,8,2021-01-14,7,605,1.1570247933884297,0.5615693832942154,2.3688254776688407
Wokingham,7,2020-11-23,0,612,0,0,0.6237739869040853
Wokingham,8,2021-01-14,6,608,0.9868421052631579,0.4530413214452468,2.136103070833769
Wolverhampton,7,2020-11-23,4,422,0.9478672985781991,0.3692070482555028,2.411513000348342
Wolverhampton,8,2021-01-14,10,396,2.525252525252525,1.3773388019791115,4.585389248036744
Worcester,7,2020-11-23,4,587,0.6814310051107325,0.26530498246392,1.7388635882943684
Worcester,8,2021-01-14,8,546,1.465201465201465,0.7442690586234291,2.864309105571446
Worthing,7,2020-11-23,3,551,0.5444646098003629,0.18533627129554403,1.588406239152751
Worthing,8,2021-01-14,10,585,1.7094017094017095,0.9311139317365793,3.1177617823550805
Wychavon,7,2020-11-23,2,575,0.34782608695652173,0.09543834007973152,1.2592432745838007
Wychavon,8,2021-01-14,5,553,0.9041591320072333,0.38680351435045524,2.098905586765729
Wyre,7,2020-11-23,4,529,0.7561436672967864,0.29443103558939715,1.9278920634618872
Wyre,8,2021-01-14,3,532,0.5639097744360901,0.19196169403572522,1.6446746204356641
Wyre Forest,7,2020-11-23,6,531,1.1299435028248588,0.5188637768238598,2.4430342883754914
Wyre Forest,8,2021-01-14,7,515,1.3592233009708738,0.6599339294092373,2.7787771676659743
York,7,2020-11-23,3,548,0.5474452554744526,0.18635181892698663,1.5970333659639224
York,8,2021-01-14,8,544,1.4705882352941175,0.7470120780284895,2.87473989076293
