upper,lower,mean,var,mid_week,phe_region,alpha,beta
0.705994366200448,0.5805110164457054,0.646648666631345,9.916708546436272e-4,2020-05-31,East Midlands,148.34981397048085,81.06350059381748
0.705994366200448,0.5805110164457054,0.646648666631345,9.916708546436272e-4,2020-06-07,East Midlands,148.34981397048085,81.06350059381748
0.705994366200448,0.5805110164457054,0.646648666631345,9.916708546436272e-4,2020-06-14,East Midlands,148.34981397048085,81.06350059381748
0.7055299930370953,0.5759972453720312,0.6443806918138957,0.0010568361683029345,2020-06-21,East Midlands,139.07694656611523,76.7534597960329
0.685794469973324,0.5564945675990594,0.624125338326751,0.0010547232656024893,2020-06-28,East Midlands,138.19463224200723,83.22664927894525
0.6797079263352767,0.5337869033139727,0.6095689462046625,0.0013425213266106634,2020-07-05,East Midlands,107.45139269799554,68.82299491150512
0.6896380045258538,0.5506313300726977,0.6240366143183188,0.0012201959769086873,2020-07-12,East Midlands,119.36349166838609,71.91293174913345
0.680816113292343,0.5414198623129916,0.614137525341255,0.0012253197832063324,2020-07-19,East Midlands,118.15794440420305,74.2386109740842
0.6881611912469823,0.5459057055936799,0.6203990266007716,0.0012772094627039787,2020-07-26,East Midlands,113.774696516283,69.61485059449497
0.7058683174206638,0.5741212145644474,0.6437205487384472,0.0010924860355521326,2020-08-02,East Midlands,134.49183332118488,74.43707781076476
0.7272613332630969,0.6104235150102665,0.6731171319920316,8.585205286720123e-4,2020-08-09,East Midlands,171.8402547731909,83.45001582896212
0.7055487725112868,0.5933420951887305,0.6525176202511115,7.911092492686703e-4,2020-08-16,East Midlands,186.36436449315613,99.2438071627091
0.6808876612119951,0.541893859759073,0.6137190083608036,0.0012118736878497165,2020-08-23,East Midlands,119.44262963489908,75.17840704102396
0.7133643333108315,0.5793789752990437,0.6507010145959626,0.0011283085125125428,2020-08-30,East Midlands,130.4280900601461,70.01433608411362
0.7655624274451608,0.6711060761911727,0.7231910157503946,5.561516378361359e-4,2020-09-06,East Midlands,259.5880997349025,99.36008142516037
0.7371551057423641,0.6557604328972204,0.6993364727519977,4.1593374100375575e-4,2020-09-13,East Midlands,352.8328452381632,151.6923139455286
0.7195331588615476,0.6030746493903988,0.6646899046935036,8.562863374726348e-4,2020-09-20,East Midlands,172.34314848015654,86.94038698985484
0.7631806284565822,0.6688465378381251,0.7208114250363489,5.566928881144895e-4,2020-09-27,East Midlands,259.8497161356556,100.64639576011795
0.7963127727082581,0.7370257949942365,0.7696969570396339,2.2619984319829648e-4,2020-10-04,East Midlands,602.4102794276652,180.24875789609203
0.7691427139278194,0.709679676745655,0.7414596806213006,2.2500166549218077e-4,2020-10-11,East Midlands,630.9683597088174,220.01298991777614
0.7301912373119019,0.6349927954914814,0.6852636857464676,5.71561215040108e-4,2020-10-18,East Midlands,257.8974801704196,118.45031927482343
0.7247351334095553,0.6133671702415856,0.6731079611405583,7.803604210929263e-4,2020-10-25,East Midlands,189.11918111362306,91.84493167619911
0.7241747238961234,0.6136534144713605,0.6727916189666068,7.699768373375648e-4,2020-11-01,East Midlands,191.68416789915977,93.22450589434328
0.7225730587857788,0.6099259447915328,0.6702588426885904,7.949717108034217e-4,2020-11-08,East Midlands,185.669954342258,91.34236167208259
0.7048799591036723,0.587442968647599,0.6491839090347279,8.690475212945368e-4,2020-11-15,East Midlands,169.47712248980721,91.5846816171413
0.6666531282923046,0.5284732338609212,0.6001402889160653,0.0012042573936490461,2020-11-22,East Midlands,118.9895916752734,79.28003606490836
0.655224884272265,0.49680514742378096,0.5790350802217645,0.0015968526494424312,2020-11-29,East Midlands,87.80845768763018,63.83772177009875
0.6896244772649486,0.5399144113327304,0.618706644750449,0.0014241171601190206,2020-12-06,East Midlands,101.87166734618876,62.780948252077486
0.721440984009113,0.5990566684596118,0.6646719682702162,9.513265631795415e-4,2020-12-13,East Midlands,155.0591173137975,78.22756350912485
0.733303106743067,0.6265720168152271,0.6840984506167818,7.164617187544681e-4,2020-12-20,East Midlands,205.66186566869914,94.97010548000733
0.7377203885994117,0.635348091877539,0.6903060250087917,6.573644553651102e-4,2020-12-27,East Midlands,223.80634503677135,100.40688348592765
0.7434920532630559,0.6453040756269542,0.698381282813285,6.070249748395224e-4,2021-01-03,East Midlands,241.64820785634654,104.36365386325245
0.7220952140181585,0.6206351656178885,0.6747876554320751,6.518981322215505e-4,2021-01-10,East Midlands,226.4798163960507,109.15142192444408
0.6986817185566894,0.5743479568401461,0.6392683397893038,9.745794325392356e-4,2021-01-17,East Midlands,150.62397605709455,84.995351042287
0.6825008046515885,0.5469169222572243,0.6178223915036178,0.001159463458698615,2021-01-24,East Midlands,125.19805797326919,77.44603472231914
0.6710110858870043,0.524089667655744,0.6003772198902267,0.0013689298035306735,2021-01-31,East Midlands,104.62426770036825,69.63995191725446
0.6681863721490603,0.519541861447207,0.5972247347811013,0.001411831243496585,2021-02-07,East Midlands,101.15773254727416,68.22194424114814
0.671361345639557,0.5203640574997953,0.5990355677130816,0.0014480031816721671,2021-02-14,East Midlands,98.76782131498382,66.1102370815259
0.6799153589226621,0.5345549263433343,0.6109845416873462,0.0013362594074394637,2021-02-21,East Midlands,108.06573696358753,68.80573782879286
0.6517102483369598,0.5044563540093243,0.580992174821986,0.0013798584004239421,2021-02-28,East Midlands,101.92002566798278,73.50406795119675
0.6383954616082564,0.4705778971640547,0.5567226007710684,0.0017993383272753305,2021-03-07,East Midlands,75.79880157394999,60.35302964139427
0.6701400394658718,0.5103437442222473,0.5942013556409684,0.001635340112290205,2021-03-14,East Midlands,87.01904628271274,59.42802162887893
0.6924252671050873,0.5508712673428121,0.6252358896419284,0.0012620451713102844,2021-03-21,East Midlands,115.45837070948997,69.2053260204159
0.6876199659354488,0.5539236006403349,0.6241032739253691,0.0011291226842628668,2021-03-28,East Midlands,129.04614198302,77.7243515786777
0.6607085588357555,0.5149216366910142,0.5906170283558797,0.0013475613905700181,2021-04-04,East Midlands,105.38187398750449,73.04487114183851
0.6539462807565743,0.49523264307291276,0.57745582718251,0.0016137452888877507,2021-04-11,East Midlands,86.7346908256858,63.46673886440293
0.652530702169973,0.49430435615884677,0.5766868082113087,0.0015945670781291324,2021-04-18,East Midlands,87.71077743297144,64.38352433373828
0.6543630981840034,0.4938278833691108,0.5770459490289194,0.001647523750339565,2021-04-25,East Midlands,84.90645455536834,62.233395742953654
0.6901045788078323,0.5405296195374812,0.6192214592282955,0.001421047879188926,2021-05-02,East Midlands,102.12460864177572,62.79959919987187
0.7192238252733165,0.5959734907839749,0.6619379066762856,9.599909748812604e-4,2021-05-09,East Midlands,153.63731760042256,78.46499298013379
0.6997646643936295,0.5813038479882224,0.6433155559956698,8.768932797332484e-4,2021-05-16,East Midlands,167.69599089373975,92.97855572777631
0.6953892877316435,0.5582976372688842,0.6300224204196064,0.001184557270007536,2021-05-23,East Midlands,123.34418887858516,72.43327059092972
0.705994366200448,0.5805110164457054,0.646648666631345,9.916708546436272e-4,2020-05-31,East of England,148.34981397048085,81.06350059381748
0.705994366200448,0.5805110164457054,0.646648666631345,9.916708546436272e-4,2020-06-07,East of England,148.34981397048085,81.06350059381748
0.705994366200448,0.5805110164457054,0.646648666631345,9.916708546436272e-4,2020-06-14,East of England,148.34981397048085,81.06350059381748
0.658300007483264,0.5046458972840715,0.5845681566174686,0.0015084225608751826,2020-06-21,East of England,93.52788017907517,66.466945266537
0.6525134266500602,0.49472108142812476,0.5766241320773391,0.0015898634588309625,2020-06-28,East of England,87.96590032814686,64.58737560090935
0.6834758543368227,0.5288926242730122,0.6098902647540172,0.0015138561869274653,2020-07-05,East of England,95.24307893710291,60.92120903610592
0.706560143771148,0.5769021725318124,0.6455222952427223,0.001056105447960822,2020-07-12,East of England,139.2178950462355,76.44916412774438
0.7008395153242987,0.5742057984152447,0.6406736676877534,0.0010116456045138752,2020-07-19,East of England,145.15156157743604,81.40927414615561
0.7056606962462338,0.5773496101814053,0.6450470741321198,0.001037193608964941,2020-07-26,East of England,141.74962758871706,78.0011987822644
0.6978658224435723,0.5707754161148011,0.6374001372332275,0.0010113685247382462,2020-08-02,East of England,145.02333821152249,82.49989207993539
0.6928824979769015,0.55733588818545,0.6279713719445,0.001153661579897801,2020-08-09,East of England,126.53996447275694,74.96598010705506
0.7064021254140697,0.5759287647149139,0.6449202471145975,0.0010730145212860926,2020-08-16,East of England,136.991171794478,75.42450658960549
0.7375243417674455,0.6249902872416164,0.6859521228991089,7.98213650709587e-4,2020-08-23,East of England,184.43872768891893,84.44115697330335
0.7495898880366401,0.6571479498847977,0.7073036902828638,5.360045460504084e-4,2020-08-30,East of England,272.48006919860677,112.75766240383541
0.7365344122653807,0.6405626989655143,0.6920052808009407,5.807280952174604e-4,2020-09-06,East of England,253.28198953148936,112.72965309403473
0.7154862904965806,0.6054763379267462,0.6637486835481474,7.618901951850412e-4,2020-09-13,East of England,193.77327033101307,98.16443912729429
0.7277938276209179,0.6112857032773851,0.6738672341145746,8.578063065510936e-4,2020-09-20,East of England,171.97108245826539,83.22916137645106
0.7514659884606285,0.6554188632667889,0.7077537248351871,5.796334100111256e-4,2020-09-27,East of England,251.84953214514064,103.99392484802212
0.7666162101099109,0.6854279062244257,0.7295843567363511,4.209404675984084e-4,2020-10-04,East of England,341.2200624189795,126.47097189178729
0.7560601957144084,0.67683835999123,0.7196860621433937,3.958407362711271e-4,2020-10-11,East of England,366.06432084330675,142.5801285893826
0.7512918383442446,0.6607697553545471,0.7094262065337907,5.151077375835048e-4,2020-10-18,East of England,283.19543216716625,115.99398254425284
0.7391192394571208,0.6460797591930626,0.6961016430216046,5.45801155945244e-4,2020-10-25,East of England,269.10220442996365,117.48243752240657
0.7230520539355657,0.6155401680553876,0.6727408632302957,7.310902459227906e-4,2020-11-01,East of England,201.91651401675708,98.22359200744931
0.7333629880082305,0.623916598650773,0.6828338210281645,7.550408733356738e-4,2020-11-08,East of England,195.17748416984517,90.65704563707074
0.7245230261333993,0.6200609504422812,0.6759392871193158,6.904781133235786e-4,2020-11-15,East of England,213.75717094092354,102.48006369578935
0.6948348026919304,0.5723402712457247,0.6361955926433204,9.41977262972539e-4,2020-11-22,East of England,155.68175342845757,89.0256215183219
0.6973527526331547,0.5602626302987095,0.6319722999015945,0.0011782204980276608,2020-11-29,East of England,124.12074664066277,72.28144798082589
0.7353678710608135,0.6187608349323485,0.6819105243791256,8.538580395710629e-4,2020-12-06,East of England,172.54621850985805,80.48729885220362
0.7717684741399705,0.6891638754130204,0.7345931969222428,4.3199463591804847e-4,2020-12-13,East of England,330.79896948901694,119.51689359681048
0.7733755951516901,0.7043458473572144,0.7417980944314881,3.0160270729102863e-4,2020-12-20,East of England,470.33925172116255,163.713673531536
0.7505939735961967,0.6695865655844455,0.7130234714718271,4.147452172263937e-4,2020-12-27,East of England,351.06819093539895,141.2973551955328
0.7278830198315942,0.6266662336387266,0.6804366449935885,6.449137221758238e-4,2021-01-03,East of England,228.73928230367886,107.42615497348922
0.6961776940400077,0.5762070888051061,0.6387664946745061,8.989002661623914e-4,2021-01-10,East of England,163.32986510986063,92.36586481894228
0.6668685997993202,0.5228175927152823,0.5974125447654253,0.0013137226911784864,2021-01-17,East of England,108.7743504002004,73.30142178317546
0.6541193179846053,0.49928805971130935,0.5798119249499417,0.0015305459868190027,2021-01-24,East of England,91.71379658481034,66.46473103469056
0.6411551871280609,0.4787526755104859,0.5625082167465263,0.0016808066785806964,2021-01-31,East of England,81.79626655647748,63.61719429850584
0.6333084328474677,0.46462728951650983,0.5516508093343295,0.001802813196744495,2021-02-07,East of England,75.13062463831386,61.061733583680045
0.6339147161189885,0.46199758600420804,0.5505033375726268,0.0018783638172559008,2021-02-14,East of England,71.97097861769313,58.76570126337688
0.6498890819850123,0.48315846491945696,0.5697520919426747,0.0017772333518066535,2021-02-21,East of England,78.01642627113762,58.91405169363165
0.6431110952694807,0.48273507339636496,0.5660034970377726,0.0016301481329444043,2021-02-28,East of England,84.7238538707075,64.96400903847412
0.6357331890824125,0.4667726866883636,0.5535600142467558,0.0018248857988329057,2021-03-07,East of England,74.4111417799694,60.011757029336145
0.6698108272408928,0.5081632418309048,0.5928253355304869,0.0016752865752071365,2021-03-14,East of England,84.82433913940847,58.26053604310009
0.6922974765600175,0.5524031344659543,0.6261504789304783,0.0012389521896850604,2021-03-21,East of England,117.67792752538543,70.26080523161892
0.682405484144633,0.5464990560526558,0.6175064930262955,0.0011676333743811406,2021-03-28,East of England,124.29347599692903,76.98938888079495
0.6603103794715389,0.5121419316275468,0.5892100284373837,0.0013939793942251621,2021-04-04,East of England,101.71741044266798,70.91612519559663
0.6744961940012824,0.5195273210358757,0.6004211339522509,0.0015251005910107808,2021-04-11,East of England,93.85262344920176,62.458702288818444
0.6800682507581881,0.5392432265769497,0.6133870379488158,0.0012644974100344663,2021-04-18,East of England,114.420992663552,72.11863987609077
0.6723021324188775,0.5249875642081973,0.6014411572781256,0.0013690672503461837,2021-04-25,East of England,104.70476224236535,69.38502355848652
0.6856890817657105,0.5410597805266208,0.6170961009227697,0.0013243510812411211,2021-05-02,East of England,109.484157298804,67.93416885021517
0.6954471171845674,0.5593538337287364,0.6307139928847343,0.0011645445444692635,2021-05-09,East of England,125.514761790939,73.48948293314683
0.7094982403075898,0.5811194606760951,0.6490850590866936,0.001037112913222713,2021-05-16,East of England,141.90479508284375,76.71800804023746
0.7179434496806798,0.5998628846839869,0.6628135171553642,8.803022077080526e-4,2021-05-23,East of England,167.6127596856666,85.26796067896953
0.705994366200448,0.5805110164457054,0.646648666631345,9.916708546436272e-4,2020-05-31,London,148.34981397048085,81.06350059381748
0.705994366200448,0.5805110164457054,0.646648666631345,9.916708546436272e-4,2020-06-07,London,148.34981397048085,81.06350059381748
0.705994366200448,0.5805110164457054,0.646648666631345,9.916708546436272e-4,2020-06-14,London,148.34981397048085,81.06350059381748
0.6813851103229001,0.5341513616506214,0.6110813859894576,0.0013705416569052323,2020-06-21,London,105.35444482215298,67.05212366064248
0.6967447495915361,0.5603321957939932,0.6321555525354379,0.001173580363721927,2020-06-28,London,124.62405954546189,72.51738617248206
0.7111027623064766,0.5838850202751679,0.6513497961867855,0.0010200329152033113,2020-07-05,London,144.36076977357095,77.27247647707053
0.7229338677831065,0.6076038084734466,0.6692182431588317,8.397722795133158e-4,2020-07-12,London,175.73767753965953,86.86376725979149
0.7243828327487528,0.612785866459396,0.6726807367848273,7.807211069902746e-4,2020-07-19,London,189.03880555388628,91.98426410828952
0.7259979082527992,0.6152964820582916,0.6748310689839123,7.686566014213622e-4,2020-07-26,London,191.97419606584188,92.50321596987823
0.7228185608780976,0.6121938075838386,0.671308223378843,7.710607214659768e-4,2020-08-02,London,191.43613542890165,93.73262723776313
0.7337301636936967,0.624370370204074,0.6831627662385672,7.534118629558334e-4,2020-08-09,London,195.58602966039075,90.70889056377466
0.7402572592042543,0.6407901630127025,0.6944299874994103,6.213500859351076e-4,2020-08-16,London,236.46003329699576,104.04950337850177
0.7352583089996946,0.6342745495136705,0.6883394180386326,6.402841322466619e-4,2020-08-23,London,229.94092763872058,104.110735847178
0.7385879555679726,0.6362458215225785,0.6912987426014153,6.566967977416622e-4,2020-08-30,London,223.95798269967997,100.00902157535637
0.7479572928365664,0.65224361047143,0.7040162471245598,5.771904878757056e-4,2020-09-06,London,253.46000366440242,106.5601019789243
0.7229408524714753,0.6241808956418958,0.6768367318368596,6.162953002284968e-4,2020-09-13,London,239.5386346104874,114.37040037998395
0.7326870272779055,0.6184313937178089,0.67964220460843106,8.227160344022799e-4,2020-09-20,London,179.18508967668961,84.46111778614046
0.7582507184789227,0.6680585002520892,0.7173802388931488,5.1096898568269e-4,2020-09-27,London,283.9297456781805,111.85721677879734
0.7632218231054293,0.6827319269740902,0.726266247828868,4.135365967622108e-4,2020-10-04,London,348.41897248364563,131.32103130315366
0.7489289149769767,0.6643032446484621,0.7099129166047354,4.499848850383239e-4,2020-10-11,London,324.18328703213825,132.46890149627063
0.7446546231729706,0.6484996527227398,0.7001959867877747,5.817743088669942e-4,2020-10-18,London,251.9514533300761,107.87844870339713
0.73433623157350425,0.636579460259362,0.688915575587674,5.99870744759065e-4,2020-10-25,London,245.4343067512904,110.8274986839033
0.7152407221390212,0.6026457616041342,0.6624673643799163,7.93886011755035e-4,2020-11-01,London,185.92677323965228,94.73123836471369
0.721829134135031,0.603894515666253,0.6668550354064502,8.728506227108781e-4,2020-11-08,London,169.06220146519772,84.45946739669186
0.7243462130445202,0.6138097375966888,0.6729096310099797,7.705137528208259e-4,2020-11-15,London,191.5480983459048,93.10839863186547
0.6997719340474599,0.5810220639757845,0.6432879921568807,8.885388029547847e-4,2020-11-22,London,165.48830146729037,91.76553116282687
0.6969191280955463,0.5616396207698647,0.6324850734039318,0.001150759130775994,2020-11-29,London,127.12640037294999,73.86869930391096
0.7313152094341975,0.6130907294739627,0.6768349220424467,8.830101454970776e-4,2020-12-06,London,166.98115197090527,79.72767839945392
0.7749886543272784,0.6926221837432802,0.7379674758984892,4.315570431833966e-4,2020-12-13,London,329.92947398119964,117.14913687425076
0.7769836615141319,0.7118628548458976,0.7472785496939754,2.6941032446931777e-4,2020-12-20,London,523.0857798214479,176.90190219573472
0.7486971496285473,0.6684587007001963,0.7113365491623597,4.06944823796594e-4,2020-12-27,London,358.215984779342,145.3655972455972
0.7241718398976106,0.6201094193476339,0.6753572537607287,6.82108285064202e-4,2021-01-03,London,216.40449460912725,104.02516451436364
0.6955415942415836,0.573741561789991,0.6373284104154441,9.255079870826917e-4,2021-01-10,London,158.53219723156295,90.21271142271053
0.6639697762669698,0.5195568169015371,0.5943111254167026,0.0013192535859987604,2021-01-17,London,108.02137129247453,73.73758739559496
0.6431189254323119,0.4842859065511722,0.5665192037293592,0.0016025399911900587,2021-01-24,London,86.24757903726125,65.99364856720305
0.6242685584270384,0.45364471336909074,0.5410994775588361,0.0018440196751420626,2021-01-31,London,72.32193110157974,61.33543524417847
0.6147475301347044,0.4368732325681039,0.5276525281654849,0.0020062019066766986,2021-02-07,London,65.02390317545456,58.20852669942222
0.6126986732717173,0.4303211089131542,0.5234420613518643,0.0020999995694543625,2021-02-14,London,61.654126922659636,56.13183541179433
0.6314827221628916,0.45253782334659426,0.5448174201598963,0.0020329916966665856,2021-02-21,London,65.91390661936789,55.06957184580872
0.6372216686434721,0.46862451653297926,0.555948321216483,0.001799007688658953,2021-02-28,London,75.73435526743273,60.49117573465159
0.6420638535062657,0.4733782517161977,0.5603609852739435,0.0018200789530184332,2021-03-07,London,75.2872277547966,59.06764300407852
0.6697717818044938,0.5115142874060437,0.5943689757698052,0.0016046262920458726,2021-03-14,London,88.7093459181992,60.540277690277456
0.6885381396547913,0.5459928387487968,0.6208930467699244,0.001284954214139413,2021-03-21,London,113.117657526644,69.06775768313594
0.6892180229025037,0.5531981136449063,0.6245503073128345,0.0011654734948518147,2021-03-28,London,125.03173149667641,75.16308072691055
0.6745074758396972,0.5333903727281184,0.6069917933502686,0.0012604569244152057,2021-04-04,London,114.27163869596536,73.98731298647388
0.6869327957833335,0.5404994623384161,0.617048422949479,0.001352940400767268,2021-04-11,London,107.1543926462963,66.50198286812518
0.7030688212771649,0.5714912490982329,0.640966772812207,0.001086229443721632,2021-04-18,London,135.15413511773764,75.70567985325717
0.6864129409368183,0.5548706670341639,0.6235271737067454,0.001088624811341288,2021-04-25,London,133.82813519034733,80.80266332764765
0.669735228294962,0.524193179670627,0.599839064903336,0.0013422331753421177,2021-05-02,London,106.66965010994552,71.16079867407176
0.6946202889233121,0.549051133929799,0.6255273361860414,0.0013329452071196215,2021-05-09,London,109.30046878671388,65.43285214717135
0.7170757465126494,0.5947471479524277,0.6600832700543143,9.446408436932031e-4,2021-05-16,London,156.12446967165258,80.39791584314166
0.7286105385684482,0.6167700263553968,0.6768748822979178,7.919347204021329e-4,2021-05-23,London,186.26135739052282,88.9170577963215
0.705994366200448,0.5805110164457054,0.646648666631345,9.916708546436272e-4,2020-05-31,North East,148.34981397048085,81.06350059381748
0.705994366200448,0.5805110164457054,0.646648666631345,9.916708546436272e-4,2020-06-07,North East,148.34981397048085,81.06350059381748
0.705994366200448,0.5805110164457054,0.646648666631345,9.916708546436272e-4,2020-06-14,North East,148.34981397048085,81.06350059381748
0.6321573637712585,0.460059188618285,0.548997660744833,0.001872098548559988,2020-06-21,North East,72.0601060428951,59.19747699512753
0.6216524593926008,0.44803814531052905,0.5372150446402281,0.0018992788813074193,2020-06-28,North East,69.78407445600574,60.115628004374926
0.6473962480498083,0.4728842550823799,0.5630535168376458,0.0019548384279240807,2020-07-05,North East,70.2994891216728,54.554520345323155
0.6993295213947079,0.5535490173281421,0.6309435655454997,0.0013459258214553167,2020-07-12,North East,108.52633206513367,63.48006912750585
0.7116300100843406,0.5896619703104025,0.6543459123026244,9.383748189337894e-4,2020-07-19,North East,157.06324675594036,82.96766625647432
0.682752725421145,0.5546655394475154,0.6215259565369132,0.001034040991323649,2020-07-26,North East,140.76788525018418,85.71965524535713
0.7250415302823235,0.5914158032625265,0.6630440451517935,0.001120822344042136,2020-08-02,North East,131.50337205995217,66.82941295110474
0.7595569648003447,0.6705388806888967,0.7195345788606271,4.942876077914139e-4,2020-08-09,North East,293.0474202298033,114.22615471615661
0.7476291540724302,0.6600619043795608,0.7069335039913447,4.816419136927957e-4,2020-08-16,North East,303.3808886181846,125.76964237984691
0.744156093382965,0.6484423990284565,0.7000111311449451,5.764119995273496e-4,2020-08-23,North East,254.32455602584915,108.99046099377084
0.768081755241855,0.6837750292899347,0.7298532941373487,4.525104099694494e-4,2020-08-30,North East,317.2812229684322,117.4379534976318
0.791354794512166,0.730137434987108,0.7637263764099185,2.4044281974136894e-4,2020-09-06,North East,572.400411260628,177.08321133118986
0.7581011809073812,0.6918912126470868,0.7271505486793439,2.773356480958805e-4,2020-09-13,North East,519.4677143047197,194.92040690096553
0.7727346056384924,0.6900023111720077,0.7348815923622246,4.3926156983168475e-4,2020-09-20,North East,325.21543824281036,117.32583864157652
0.7791115470557634,0.7150903069680195,0.7500407269248834,2.6108058969497695e-4,2020-09-27,North East,537.8474926724307,179.2435576730209
0.7674682551833668,0.694676698645273,0.7337893345442074,3.3801251978030045e-4,2020-10-04,North East,423.33416443129653,153.58095889118977
0.7346049261930058,0.6467601912566742,0.6935868823755459,4.8631151533054485e-4,2020-10-11,North East,302.41241916662744,133.5998914048473
0.7043447390396012,0.585170190633844,0.6476819717483923,8.874643657011098e-4,2020-10-18,North East,165.88809980940877,90.23775677665662
0.6993788358243468,0.5694491922266689,0.6375778076374977,0.0010571163727218968,2020-10-25,North East,138.72891400836377,78.85851194426553
0.7105664219715668,0.5827725950092213,0.6505087018790033,0.0010293629645857102,2020-11-01,North East,143.02212372105595,76.83984477826554
0.7320543394507529,0.6198338366520177,0.6804436940403199,7.922698641978442e-4,2020-11-08,North East,186.06871007514937,87.38332086412747
0.7145531562566132,0.6065076062520357,0.6636274363831759,7.364549481365724e-4,2020-11-15,North East,200.487766379888,101.62115104607439
0.6628144973988415,0.527748184214387,0.5975778942301595,0.0011474816973963678,2020-11-22,North East,124.637245951861,83.93346450326247
0.6353483042677691,0.4706463623429934,0.5552676812517703,0.0017323120500405047,2020-11-29,North East,78.59955085443647,62.952989493752355
0.6649938267596442,0.5006205771615883,0.5863668493350618,0.001731663455062845,2020-12-06,North East,81.54152304883166,57.52077752511705
0.7079520747500805,0.5698806699122236,0.6429623778229319,0.0011945395258116662,2020-12-13,North East,122.9189381960235,68.25700371869094
0.728848892281934,0.6159040693575888,0.6765173368122475,8.06108736102737e-4,2020-12-20,North East,182.9837631545116,87.49528179758359
0.7502180129352011,0.6518515156822026,0.7052750200768416,6.086807900190429e-4,2020-12-27,North East,240.1434519254451,100.35273054147515
0.7489057952237118,0.6603728110719987,0.7081593668587477,4.914887118353685e-4,2021-01-03,North East,297.07094479004553,122.42635863162974
0.710682104028313,0.6060610180573714,0.6610106548088862,6.926721038619323e-4,2021-01-10,North East,213.17225589466184,109.32217644742343
0.686363460771685,0.5512731742061114,0.6212739958859748,0.001143577086798728,2021-01-17,North East,127.20673744844179,77.54468992626619
0.6799331483064708,0.5389510871703646,0.6129900213919884,0.001256421171412945,2021-01-24,North East,115.12974132255773,72.68692339429867
0.6755980656117846,0.5296298215599742,0.6055818306385808,0.0013468918397241823,2021-01-31,North East,106.78590724948037,69.55014156637587
0.6735586447235851,0.5281222622899716,0.6043610049980582,0.0013464675214139446,2021-02-07,North East,106.71944790289119,69.86283821471508
0.6743960173983724,0.5262423079095495,0.6033853754577876,0.0013928377350950914,2021-02-14,North East,103.06772720571078,67.7480257076134
0.6695207077768153,0.5236254881425106,0.600018282085934,0.0013575469462284277,2021-02-21,North East,105.47527729644922,70.31149528282889
0.6535741420093976,0.49946178322491325,0.579304063757605,0.001515963772451112,2021-02-28,North East,92.55134807660752,67.21163973376848
0.6583590434099517,0.499210796462342,0.5819890805098131,0.0016190323635680945,2021-03-07,North East,86.86840467976387,62.39282304579507
0.6774554886061238,0.5258769436811843,0.6053734068706713,0.0014565999709997071,2021-03-14,North East,98.68170455114517,64.32794111739506
0.6771080921947326,0.535090124360405,0.6096102149230571,0.0012791431819786214,2021-03-21,North East,112.80885246134487,72.24193851922163
0.6853064411212959,0.539650465366159,0.6156306074484823,0.0013369603139983307,2021-03-28,North East,108.3452711122381,67.64544442622663
0.6639187274655511,0.523791782165596,0.5974797503830499,0.0012444455451523038,2021-04-04,North East,114.8696094179409,77.3872986099829
0.6217316825063179,0.4556524956657959,0.5400427010291264,0.0017616142994950257,2021-04-11,North East,75.6087267311092,64.39636284241205
0.6493917913832057,0.47484097928089614,0.5656304954396166,0.001934887474376598,2021-04-18,North East,71.25831298284594,54.7220108458099
0.6786315401664479,0.5264281006963923,0.6064869516485047,0.0014687433729388348,2021-04-25,North East,97.94340233255463,63.549605994059235
0.6959986421861375,0.5583793553257658,0.6307794142689328,0.0011900947179747303,2021-05-02,North East,122.81021234332688,71.88576150303385
0.7108429806127406,0.5837007626345252,0.6511344500273131,0.0010187939585302056,2021-05-09,North East,144.53096473639044,77.43696328573742
0.7080100220802683,0.587508825895354,0.6510941766375591,9.147652593355449e-4,2021-05-16,North East,161.04002882993112,86.29750636595863
0.701862757905147,0.5741461783320371,0.641221281373679,0.0010270246955980315,2021-05-23,North East,142.99422995080923,80.0087085113622
0.705994366200448,0.5805110164457054,0.646648666631345,9.916708546436272e-4,2020-05-31,North West,148.34981397048085,81.06350059381748
0.705994366200448,0.5805110164457054,0.646648666631345,9.916708546436272e-4,2020-06-07,North West,148.34981397048085,81.06350059381748
0.705994366200448,0.5805110164457054,0.646648666631345,9.916708546436272e-4,2020-06-14,North West,148.34981397048085,81.06350059381748
0.677676804738861,0.5280223925699762,0.6066734076247992,0.0014260871484376143,2020-06-21,North West,100.90527442958522,65.42025288278167
0.6731187885591919,0.5291013714836434,0.6044396639863818,0.001312832026320196,2020-06-28,North West,109.4758301492636,71.64370364713218
0.6769419701290412,0.5281993566885563,0.6057498396783229,0.0013983890462336615,2020-07-05,North West,102.84424680645658,66.93581761926568
0.6898341626063662,0.5494489597749688,0.6232855239177217,0.0012467960077042473,2020-07-12,North West,116.75587168514153,70.56738098926867
0.7148915768843452,0.5860994582096568,0.6545981213348797,0.0010473918174450875,2020-07-19,North West,140.65284163296923,74.21615515874929
0.7426976772435998,0.6377738149846339,0.6947154564052543,6.913856786481396e-4,2020-07-26,North West,212.41260096487477,93.34222139647817
0.73940277727933,0.6437814062438131,0.6952722256322855,5.765118074122674e-4,2020-08-02,North West,254.81807711221867,111.68308274712318
0.7313917549539302,0.6275911792300111,0.6830262271172941,6.778356452182098e-4,2020-08-09,North West,217.47625114147857,100.92477433500288
0.7082568595820415,0.5955203640738286,0.6548259899158262,8.009919110569855e-4,2020-08-16,North West,184.12807201594524,97.05818945118705
0.6909847189414094,0.5574400395991613,0.6267402972973062,0.001117833313238558,2020-08-23,North West,130.53564202203316,77.74144273690503
0.7335996895710248,0.6111216039349927,0.6775483042827886,9.363108175710129e-4,2020-08-30,North West,157.42000524085455,74.9176808632968
0.772211350982033,0.69034417309545,0.735519265366325,4.2158408412740146e-4,2020-09-06,North West,338.6536204718681,121.774319920967
0.7617506610081345,0.688226717449971,0.7278099238600978,3.4404346548754894e-4,2020-09-13,North West,418.3502449520686,156.4567633575424
0.7621512326680532,0.6789142427190208,0.7238636146447033,4.4177610932631407e-4,2020-09-20,North West,326.7939331679253,124.66394723448559
0.7689899224972184,0.6931956823489901,0.7344219952951848,3.6601368603615285e-4,2020-09-27,North West,390.6343134898595,141.2592245472912
0.7604357704529844,0.6824601375134214,0.7244255658187997,3.871755113439564e-4,2020-10-04,North West,372.7996341147636,141.81449838537492
0.7364376406990233,0.6446135897438036,0.6936812238022985,5.308422329594251e-4,2020-10-11,North West,276.97572381872527,122.30814651659797
0.7249497881716933,0.615965072028618,0.6740477682779444,7.510583602492749e-4,2020-10-18,North West,196.5053902060302,95.02497226080456
0.7165846999184993,0.6036336354242626,0.6635841373111945,8.04498772554913e-4,2020-10-25,North West,183.47426728615235,93.01556568300171
0.7032086486340461,0.5798390366709256,0.6445500243976818,9.585106439555625e-4,2020-11-01,North West,153.41719303315693,84.60497316957031
0.6951819665598228,0.5642444893975583,0.632769901986129,0.00107522569416379,2020-11-08,North West,136.11815165460197,78.9966179122758
0.6770040434129836,0.5387073113843712,0.6108123353385864,0.0012091109734860884,2020-11-15,North West,119.47964595592282,76.12813575282851
0.6497583489235688,0.497680300489871,0.576307630831236,0.0014731064524117858,2020-11-22,North West,94.95049695450598,69.80612238359707
0.6452128609383722,0.47988949288995264,0.5652610903297812,0.0017477569147061169,2020-11-29,North West,78.91250771584728,60.691135743511694
0.6753455447720786,0.5188054761088017,0.6010387183528002,0.0015648832878112815,2020-12-06,North West,91.497703121079,60.73492404117195
0.7120104613328606,0.5790203016263445,0.6497040521628745,0.0011115797918409282,2020-12-13,North West,132.3729539708502,71.37050973416851
0.7365523019197121,0.6277383910241322,0.686745866114625,7.430887353266723e-4,2020-12-20,North West,198.12783906571397,90.37457331377954
0.7546348421672093,0.6616290413252737,0.7122526774912242,5.406731525016229e-4,2020-12-27,North West,269.27587510852874,108.786410395265
0.7674036719737634,0.6880189135492508,0.7312326362267758,4.0165558200120857e-4,2021-01-03,North West,357.0634298701583,131.240034965105
0.7390159734214575,0.6541449876398502,0.6994435863113593,4.517295606370543e-4,2021-01-10,North West,324.8019656358217,139.56996083893935
0.6923898082650697,0.5731547404038079,0.6350484161294475,8.943783850058806e-4,2021-01-17,North West,163.92622234903743,94.20562742101679
0.6630602020772014,0.5175606852268866,0.5932164619672049,0.001342727495731886,2021-01-24,North West,106.01774885632574,72.69905294103702
0.655129928403084,0.49783193441425383,0.5794032257510596,0.001583486168483656,2021-01-31,North West,88.589511490929,64.30834539637705
0.6591782355387948,0.5024571373901024,0.5841310929994115,0.0015701562267965358,2021-02-07,North West,89.78793960543035,63.92402793320026
0.6645577948081817,0.5099164094979913,0.5905871912377304,0.0015238911221590649,2021-02-14,North West,93.11716796330764,64.55162225910843
0.6693369460424763,0.519153357299215,0.5976767176928196,0.00143985856275443,2021-02-21,North West,99.2155301266724,66.78646926468579
0.6473140950285167,0.49413989770949196,0.5735431569874007,0.0014885087164447474,2021-02-28,North West,93.67093422289892,69.64883183431625
0.6431077042209132,0.4754111901241078,0.5617846284637147,0.0017996910949478098,2021-03-07,North West,76.2856445742101,59.50597504134394
0.6777076645107803,0.5223907788726709,0.6041796659702411,0.0015463538905283235,2021-03-14,North West,92.83336532176925,60.81855405007826
0.6908580071782539,0.5525269480147067,0.6251526680840954,0.0012061245843645741,2021-03-21,North West,120.83517049877163,72.45388778693484
0.6797951582875472,0.5417681213891395,0.6139037517237905,0.0012032842674611468,2021-03-28,North West,120.31438800603179,75.66810545193947
0.652933520573906,0.5029472905874066,0.580712447338089,0.0014333225437986727,2021-04-04,North West,98.06774717440948,70.8071368132498
0.6517641379857715,0.488827164380213,0.5731565501353286,0.0016977062503208305,2021-04-11,North West,82.02162211395432,61.08347211307338
0.658535173569116,0.5017447793106563,0.5836837334743944,0.0015636436716708324,2021-04-18,North West,90.1233090868312,64.2810436786118
0.6755139893509571,0.5208732934197663,0.601394715115395,0.001514070776401467,2021-04-25,North West,94.61595520246618,62.711591622269985
0.7141138605148138,0.5822984713426321,0.6525892850245131,0.0010936101830558962,2021-05-02,North West,134.63580462255922,71.67436275553666
0.7381892761931673,0.6304333080474951,0.6886687358040805,7.301677962935682e-4,2021-05-09,North West,201.52978960577087,91.10697336629488
0.7455388345981008,0.6501624760038034,0.7017894541956767,5.713909355960331e-4,2021-05-16,North West,256.33975769959824,108.92614387110878
0.75114849352199,0.6585670030367543,0.7085819460692583,5.375831457663977e-4,2021-05-23,North West,271.46813730317314,111.64653109770546
0.705994366200448,0.5805110164457054,0.646648666631345,9.916708546436272e-4,2020-05-31,South East,148.34981397048085,81.06350059381748
0.705994366200448,0.5805110164457054,0.646648666631345,9.916708546436272e-4,2020-06-07,South East,148.34981397048085,81.06350059381748
0.705994366200448,0.5805110164457054,0.646648666631345,9.916708546436272e-4,2020-06-14,South East,148.34981397048085,81.06350059381748
0.6503233247760648,0.4854793419277462,0.5708855612543735,0.0017367037184016598,2020-06-21,South East,79.95685460750794,60.10073317212237
0.6725129140895534,0.5175563587683941,0.5988024580523431,0.0015322537234593236,2020-06-28,South East,93.28587681917175,62.501521119360675
0.6884245981660224,0.5466195877009549,0.6211360493520887,0.0012706646652737344,2020-07-05,South East,114.41275266202236,69.78643007961227
0.7012878473237922,0.5673830697882288,0.6376651637124531,0.0011242629769648048,2020-07-12,South East,130.40948019764113,74.10142555484501
0.7099613330538935,0.5850221369515944,0.6511762682271327,9.83416036553896e-4,2020-07-19,South East,149.755068052955,80.22116934997179
0.70425573411218,0.5809237212117923,0.6458223047994782,9.59685113949369e-4,2020-07-26,South East,153.2824977163601,84.06219691129431
0.6818356865076032,0.5486642014077638,0.6181085865793736,0.0011197408177674674,2020-08-02,South East,129.68414811774866,80.12388712638791
0.694123639064347,0.5507184071191636,0.625671581339384,0.0012895525695937344,2020-08-09,South East,113.00788691065655,67.61065208185924
0.7278028021555722,0.6090766020156826,0.6730037379736329,8.943464362841766e-4,2020-08-16,South East,164.93143004682457,80.13619846802077
0.7382079005089764,0.6357208268177796,0.6908461503651826,6.589884306331237e-4,2020-08-23,South East,223.21196820012884,99.88741953205809
0.738134757185386,0.6380860120199993,0.6918785719467969,6.294460125524653e-4,2020-08-30,South East,233.63557658576718,104.0473435953957
0.7486301467695768,0.6518315964119232,0.7043002870045921,5.874298069273021e-4,2020-09-06,South East,248.99116450195805,104.53867084842084
0.712542168741036,0.6125113912205241,0.6652499167839676,6.299476536523817e-4,2020-09-13,South East,234.50689963032823,118.00257645350224
0.7095253963210628,0.5787585228126407,0.6477304867114418,0.0010766543116588552,2020-09-20,South East,136.62600515079944,74.30432459862475
0.7559380350361264,0.6561266895707641,0.7110286714023683,6.233242131907984e-4,2020-09-27,South East,233.66596763830722,94.96489780548106
0.7784410304307862,0.7059029055694347,0.7455424794276582,3.3532936073980265e-4,2020-10-04,South East,421.0369000179162,143.70208083953938
0.7628066833194317,0.6917760829313332,0.729989005477758,3.197974210613556e-4,2020-10-11,South East,449.1939794832622,166.1495066686654
0.7501890983477169,0.6611653181505172,0.7088307724627141,4.989475106438096e-4,2020-10-18,South East,292.49911868946737,120.15102299841118
0.7456971800258945,0.6534249842307372,0.7031814795125136,5.350645967695163e-4,2020-10-25,South East,273.59291496345634,115.48575524430693
0.7361975473011568,0.6374994727603106,0.6904896979687322,6.132748147295125e-4,2020-11-01,South East,239.93098592120555,107.54847195778873
0.7386530964262095,0.6364547129777636,0.6914785709223165,6.542959662913607e-4,2020-11-08,South East,224.768023226375,100.28619056736866
0.7291966898834934,0.626780373525658,0.6817157456452962,6.575013844206876e-4,2020-11-15,South East,224.28855601058657,104.71742257111723
0.6978311065039441,0.579376487718131,0.6413536654110036,8.83763884711696e-4,2020-11-22,South East,166.28515456077378,92.98701230867411
0.6937471777336226,0.5560710997133131,0.6277939933092962,0.001187499027710288,2020-11-29,South East,122.90561520899831,72.86818402906835
0.7249740857774698,0.6030117446426317,0.6685425978997703,9.442258011138822e-4,2020-12-06,South East,156.22679139294283,77.45583688494106
0.7610501709495436,0.6679084289364062,0.7190007851001565,5.418352906380101e-4,2020-12-13,South East,267.38083487487586,104.49752800845509
0.7635511992769176,0.6864032116463683,0.7283641887432005,0.00037601988282752957,2020-12-20,South East,382.51388890581296,142.65455679419378
0.7479622687325146,0.6610267347938318,0.7075809159438922,4.748714604689562e-4,2020-12-27,South East,307.5983399046732,127.11991347606703
0.7312157682685408,0.6310401065037669,0.6844235733217043,6.306216968695815e-4,2021-01-03,South East,233.73066594549803,107.76935692942418
0.6992531395128789,0.5824446593023813,0.6436358553515671,8.593829098309055e-4,2021-01-10,South East,171.14235634043814,94.75699484930671
0.6688403723180155,0.5267897015987111,0.600359419843588,0.0012757020095537411,2021-01-17,South East,112.31239442859544,74.76286535138146
0.6503728011148409,0.49540746188217605,0.5758868507773965,0.0015328831250702856,2021-01-24,South East,91.18276393324508,67.15174884501401
0.6327776460218589,0.46667504480508,0.5520608067679403,0.0017516695713096,2021-01-31,South East,77.3844052287324,62.789293537862086
0.624636013953553,0.45069526601982973,0.5402033430430366,0.0019083644618510286,2021-02-07,South East,69.77010846074788,59.38516123403716
0.6282874433361967,0.4521737103959808,0.5426609111854078,0.001969749303626367,2021-02-14,South East,67.83030919667925,57.1654437653469
0.6485426644412035,0.47946756625483783,0.5672619177195497,0.0018215635317786819,2021-02-21,South East,75.877556042368,57.88350506923182
0.6416516500294879,0.48075027181271796,0.5642630167429583,0.0016384925088719993,2021-02-28,South East,84.10838365329043,64.95044380412695
0.6339095349093525,0.4637116494238667,0.5510389787424232,0.0018505648940595535,2021-03-07,South East,73.1152782976936,59.57094013381683
0.6648577991590164,0.5017230810034213,0.5870956273188622,0.0017071471677815595,2021-03-14,South East,82.78029563777503,58.219384458318686
0.6884293083395574,0.544569288499502,0.6201955628934352,0.0013093460607864283,2021-03-21,South East,110.95377738155416,67.9474983127041
0.6865441907829773,0.5506201079444916,0.6218374660531063,0.0011691719363374545,2021-03-28,South East,124.4483747951097,75.68169389470695
0.6637363410658244,0.5189665041051731,0.5943299987420857,0.0013293774294395428,2021-04-04,South East,107.19602346200132,73.16846039189195
0.6656424232741727,0.5094996620111097,0.5907535041073229,0.0015484377153982226,2021-04-11,South East,91.64596449724833,63.48805309225868
0.6748966002814799,0.5277348385787561,0.6050192156307838,0.0013837777146201078,2021-04-18,South East,103.87854333995632,67.81607503948499
0.6767497052757169,0.5299673812525187,0.6064261351436114,0.0013613018006430754,2021-04-25,South East,105.71667915270193,68.61070059927154
0.6756932676374953,0.5316188989137123,0.6072002655806752,0.0013191598339979966,2021-05-02,South East,109.1764512589779,70.62658481935901
0.6799069728964253,0.5332758041388598,0.6097981878649902,0.0013582159607865105,2021-05-09,South East,106.2200745824724,67.96882380433229
0.7033503128906995,0.5672087068714236,0.6390511350641772,0.0011617450731532814,2021-05-16,South East,126.24471541485372,71.30554071946248
0.7361561875641066,0.6225612864512344,0.6840943476202304,8.147336946944523e-4,2021-05-23,South East,180.7729042291939,83.47851790000715
0.705994366200448,0.5805110164457054,0.646648666631345,9.916708546436272e-4,2020-05-31,South West,148.34981397048085,81.06350059381748
0.705994366200448,0.5805110164457054,0.646648666631345,9.916708546436272e-4,2020-06-07,South West,148.34981397048085,81.06350059381748
0.705994366200448,0.5805110164457054,0.646648666631345,9.916708546436272e-4,2020-06-14,South West,148.34981397048085,81.06350059381748
0.5955807173935159,0.40192175915839906,0.49964859663527805,0.0023725701718005717,2020-06-21,South West,52.14877838972133,52.22213096717553
0.657685091738211,0.4794857140722807,0.5725179673037095,0.00202869400898466,2020-06-28,South West,68.49590827011787,51.14384485885623
0.6879994834527058,0.5446539252653324,0.62042053705099,0.0012989212147290245,2020-07-05,South West,111.86396172775034,68.43948576847055
0.6850504425075347,0.5471420642065472,0.6192755182403097,0.0011973656454097473,2020-07-12,South West,121.32230893574648,74.5877591394255
0.7172748270377067,0.5859344563360247,0.6560848925421473,0.0010882760686258702,2020-07-19,South West,135.37314827292374,70.96165658501205
0.7583194184383929,0.6629773686053791,0.715194732834227,5.718725134983816e-4,2020-07-26,South West,254.02496012343778,101.15796903037288
0.7400739123817562,0.6530170637019004,0.699699078776442,4.754799443926946e-4,2020-08-02,South West,308.5056977792122,132.40627014661897
0.7164931286500483,0.6052208291303371,0.6642363184866077,7.854084894733683e-4,2020-08-09,South West,187.95386228429254,95.00847665032876
0.7369302045805346,0.6264079615743137,0.6861724448491957,7.692211902755404e-4,2020-08-16,South West,191.4045462784588,87.54070679203568
0.7410346751224778,0.6445255647374197,0.6966776147403925,5.872602303804863e-4,2020-08-23,South West,249.99365344665677,108.84327220914105
0.7336835406039702,0.6316377092960703,0.6861557515003739,6.528359506332745e-4,2020-08-30,South West,225.65083005123736,103.21157408633749
0.7400602963508565,0.6377261752915302,0.6928648212442202,6.573163809951746e-4,2020-09-06,South West,223.61894023935238,99.12646894131004
0.7106304244762849,0.6049241101494531,0.6606430780794443,7.055512986966833e-4,2020-09-13,South West,209.26326091001258,107.49365042910544
0.7293661356241503,0.6076353062212421,0.6729619052715918,9.366514599259704e-4,2020-09-20,South West,157.45231198291742,76.51681873537086
0.7697361956923484,0.6856919996730314,0.7321842032011625,4.4268433349571e-4,2020-09-27,South West,323.5945482950116,118.36329083922912
0.7879826065180352,0.7245127396750786,0.7591496198686628,2.588249625201576e-4,2020-10-04,South West,535.5262014066456,169.90285683261777
0.7724388095225307,0.7090565866770222,0.7431807383305268,2.558570906756197e-4,2020-10-11,South West,553.6514635057471,191.3240652592526
0.7465711358521149,0.6612368316712824,0.7067950391440738,4.602371254847062e-4,2020-10-18,South West,317.54924210400407,131.73127702436312
0.7407811049935034,0.6429537912753182,0.6955828442871729,6.04006505841074e-4,2020-10-25,South West,243.15580496161763,106.41550341474341
0.733458646431922,0.6328190249085266,0.6867086432054564,6.360603087361448e-4,2020-11-01,South West,231.58437448801752,105.6538076426387
0.7288089868663877,0.621546780378349,0.678896946330451,7.253941393205721e-4,2020-11-08,South West,203.34362127259553,96.17697956631098
0.7150411474010029,0.6034917972638812,0.6625488997765172,7.845648257579392e-4,2020-11-15,South West,188.14436303609176,95.82616819496799
0.6679949908578948,0.5361241273280466,0.6046106656601744,0.0010954784402922267,2020-11-22,South West,131.3342481545771,85.88694163567119
0.6434890011573152,0.4811361861457357,0.5646829972596438,0.0016782250327939418,2020-11-29,South West,82.14661911129663,63.327247659877365
0.6771869787299221,0.5200868565623863,0.6027689439935088,0.0015809676220805112,2020-12-06,South West,90.68696804567742,59.76366307816832
0.727892431193483,0.6027397833738061,0.6701770584394183,9.914346128353077e-4,2020-12-13,South West,148.74540730983085,73.20400954457632
0.7517526461952625,0.657585996927101,0.7088880625059321,5.561238533751767e-4,2020-12-20,South West,262.34445011030675,107.73435920539028
0.7580098275604991,0.6720683528231591,0.7186807768399329,4.673959297222235e-4,2020-12-27,South West,310.15685056250635,121.40728828405913
0.7563073435342479,0.6724317656245706,0.717916250434209,4.438910975601874e-4,2021-01-03,South West,326.8106624089267,128.4104893776021
0.7271775471597126,0.6314798223600951,0.6822402483742481,5.766172549653842e-4,2021-01-10,South West,255.8169076112346,119.14910798347167
0.6904280047686501,0.5653767626229563,0.6301790031847198,9.764503896256014e-4,2021-01-17,South West,149.77723335267805,87.89687606028656
0.661588730636566,0.516127611350899,0.591820847805264,0.0013464940102144284,2021-01-24,South West,105.58431436027364,72.82155753800002
0.6455603666187816,0.4856015488288112,0.568284092049437,0.0016334501117074415,2021-01-31,South West,84.78557764345499,64.41018347258765
0.6452383678737106,0.48081004340024924,0.5660704781131175,0.0017228899911228576,2021-02-07,South West,80.13934206350822,61.43197310317678
0.6457444248084163,0.4820796059239244,0.5668034318567033,0.0017094411224627365,2021-02-14,South West,80.84657975275657,61.78942985629575
0.6486795415323005,0.4858427505982663,0.5702362471617577,0.0016945864121372788,2021-02-21,South West,81.89591066320298,61.72160062413499
0.6356166524098182,0.4719365075432426,0.5565670129621747,0.001693773569242142,2021-02-28,South West,80.54095251640814,64.16929915257076
0.6365721711411908,0.46431904412461983,0.5528283866564273,0.0018988578128440934,2021-03-07,South West,71.41898594788876,57.769361958483024
0.6634478216556121,0.5024434457594829,0.5867562530898586,0.0016596019607260778,2021-03-14,South West,85.14027901385897,59.96303870199022
0.6864862709421724,0.5396191713013008,0.6165985631239473,0.0013645097986044485,2021-03-21,South West,106.21066260969194,66.04186758042741
0.6843576216657863,0.5485721714774183,0.6200859469199838,0.0011660344212667754,2021-03-28,South West,124.65876618216957,76.3758916767282
0.6493061695313861,0.5003745601040169,0.5772632575507889,0.0014144054330712883,2021-04-04,South West,99.01919898770437,72.51293594813545
0.652703515966945,0.4875710806989539,0.5730663474831732,0.0017425231415032492,2021-04-11,South West,79.88908609258813,59.517260909726275
0.676006887972264,0.5246892745413073,0.6042624791505757,0.00146726281505204,2021-04-18,South West,97.87631209079136,64.10017241372086
0.6805353734769966,0.5372069117518602,0.6120231012902446,0.0012993923857069845,2021-04-25,South West,111.22901258791711,70.51087983350979
0.67647228296667306,0.532950102167371,0.6081470381200992,0.0013025019455100257,2021-05-02,South West,110.65771704485148,71.3011023007397
0.6787758748618389,0.5325178745675704,0.6088146496931652,0.0013516618533046343,2021-05-09,South West,106.6627742378901,68.5346759083026
0.6893238361696876,0.5488103245912223,0.6226875407212179,0.0012480996638005834,2021-05-16,South West,116.59475245499655,70.64964353846197
0.7040707991391593,0.5715648243548517,0.6414624084790386,0.0011058564519563613,2021-05-23,South West,132.76545887691626,74.20763435814072
0.705994366200448,0.5805110164457054,0.646648666631345,9.916708546436272e-4,2020-05-31,West Midlands,148.34981397048085,81.06350059381748
0.705994366200448,0.5805110164457054,0.646648666631345,9.916708546436272e-4,2020-06-07,West Midlands,148.34981397048085,81.06350059381748
0.705994366200448,0.5805110164457054,0.646648666631345,9.916708546436272e-4,2020-06-14,West Midlands,148.34981397048085,81.06350059381748
0.6707376088865242,0.5253546204596953,0.6014530803885141,0.0013500220829643483,2020-06-21,West Midlands,106.19137589901773,70.36666222828299
0.6639405686529036,0.5116569192004374,0.5908263121863653,0.0014706984275820627,2020-06-28,West Midlands,96.52806738555789,66.85001073075641
0.6751128249450625,0.5247471042219916,0.6036873650654931,0.001436783143608402,2020-07-05,West Midlands,99.92056849471096,65.59650917987435
0.7178049219444225,0.5850379895348683,0.6559456087098579,0.0011151529125222775,2020-07-12,West Midlands,132.09216246879805,69.28453815216137
0.7186554697121709,0.6095970519967054,0.6678843073632854,7.54895887370309e-4,2020-07-19,West Midlands,195.57992439380686,97.2551104132382
0.7143116140896931,0.5931315276149136,0.6572546927254812,9.264973337764199e-4,2020-07-26,West Midlands,159.1493537659076,82.99323650751064
0.7216720074620353,0.6076752044797353,0.6687088350122561,8.213930260575148e-4,2020-08-02,West Midlands,179.68827555635397,89.02101337215353
0.7349948267600426,0.6254564146815944,0.684351209321537,7.549515220240879e-4,2020-08-09,West Midlands,195.12937996258674,90.00108712029778
0.7286802110723872,0.6272221962044385,0.6816894758589815,6.517506369644416e-4,2020-08-16,West Midlands,226.27485577806044,105.65759116625625
0.7117518059038043,0.594874904138873,0.6567394999213357,8.534539120441566e-4,2020-08-23,West Midlands,172.8155191985382,90.32613623598044
0.7301286588876357,0.6144045785338547,0.6768746390193195,8.389313952647791e-4,2020-08-30,West Midlands,175.7891422318775,83.91794693690443
0.7734806290542403,0.6890793648654239,0.7355705344336532,4.503836152357835e-4,2020-09-06,West Midlands,316.93421686357806,113.93434301912455
0.7437310876278921,0.6672891965740949,0.708332755360148,3.665986880683939e-4,2020-09-13,West Midlands,398.4740839070413,164.0780229829462
0.743578556779581,0.6394646126029662,0.695188576830009,6.859922897342182e-4,2020-09-20,West Midlands,214.0469425485958,93.85072677823442
0.7481880648175909,0.6586630588441498,0.7073233681276431,5.022509455723716e-4,2020-09-27,West Midlands,290.8361328747536,120.34232662479107
0.7450575697501849,0.6486997983156519,0.700351727501532,5.842396123903622e-4,2020-10-04,West Midlands,250.86636821225972,107.33417354582562
0.7470801889308505,0.654258977428714,0.7044891002608388,5.405763599434594e-4,2020-10-11,West Midlands,270.60501712633555,113.51024743367455
0.7473876631996188,0.6533117296538445,0.704059702309585,5.546629109476407e-4,2020-10-18,West Midlands,263.7766216864526,110.87430751907416
0.7425171273202791,0.6483925075657915,0.6991309272941038,5.569488956031077e-4,2020-10-25,West Midlands,263.34664794162603,113.33050602276131
0.7365138054078396,0.6361999112572158,0.690045716813026,6.328766715431585e-4,2020-11-01,West Midlands,232.51303519567674,104.44005288309214
0.733887871423891,0.6310441115739719,0.6861756707676424,6.651382543126948e-4,2020-11-08,West Midlands,221.46331099294713,101.28685405617274
0.714964153585465,0.6050337614830565,0.6631365426211112,7.618705498620154e-4,2020-11-15,West Midlands,193.77374041871408,98.434165441525
0.6797450556127453,0.549262552350111,0.6170444550133747,0.0010732926055640267,2020-11-22,West Midlands,135.23404726498023,83.930141256978
0.6524654449776117,0.49986467295495257,0.5788636380192923,0.0014848421506721225,2020-11-29,West Midlands,94.4586340792363,68.72078828428792
0.6709472745302484,0.5125030182516203,0.5953356133735281,0.0015972826461001424,2020-12-06,West Midlands,89.19651821641524,60.6290863883124
0.7153305396350066,0.5822541004084973,0.6531882829495552,0.0011145708499855295,2020-12-13,West Midlands,132.105469363314,70.14168174413521
0.7373278985606688,0.630724115756636,0.6883705698389424,7.143600149105903e-4,2020-12-20,West Midlands,206.02373792608864,93.26816523341436
0.7484876405383626,0.6529585790614091,0.7046674438896993,5.737464151003552e-4,2020-12-27,West Midlands,254.89468769272378,106.82868962939092
0.7582109579314535,0.6711591388232008,0.7184738239428583,4.77014961989379e-4,2021-01-03,West Midlands,303.93678592514976,119.09433336768404
0.7325272931122585,0.6413465932093406,0.6900852979284497,5.249625217429245e-4,2021-01-10,West Midlands,280.4478363853089,125.94806456661465
0.7015306231722049,0.5816944797022445,0.6442478899529123,9.027945405282907e-4,2021-01-17,West Midlands,162.9110326108717,89.95907399169516
0.6717876130351272,0.5351115789948908,0.6065284716254259,0.001183167991159683,2021-01-24,West Midlands,121.73369935194431,78.97196418551853
0.6506486009775057,0.49353458471681344,0.5747093289294334,0.0015717658517687715,2021-01-31,West Midlands,88.79585515332955,65.70982395011944
0.6543759687614137,0.49440945730000807,0.5778452014792388,0.0016296407262319029,2021-02-07,West Midlands,85.9195208640674,62.76999086696386
0.6541896701386247,0.4955028155916375,0.5777227245286299,0.0016131403255277962,2021-02-14,West Midlands,86.79270550828686,63.4397534608526
0.6652442145808568,0.5095391915202575,0.5908282501211166,0.0015499002575955264,2021-02-21,West Midlands,91.56533731899869,63.41258951545495
0.6462759148337042,0.4922385916956773,0.5721928922025399,0.0015006847650468704,2021-02-28,West Midlands,92.76257238774407,69.35508697477171
0.6308532475199385,0.4605291248215656,0.5477479066060209,0.0018527697324233127,2021-03-07,West Midlands,72.68757341722038,60.015030354668475
0.6679735321861815,0.5040462765322996,0.5898778141396562,0.001723783804563172,2021-03-14,West Midlands,82.1956823629456,57.147890818949676
0.6901770904429505,0.5490491457165138,0.6233134946399307,0.0012599450642844488,2021-03-21,West Midlands,115.53264992905072,69.81974645343162
0.6798679922137167,0.5422781823334584,0.6141991655014245,0.0011954024367632483,2021-03-28,West Midlands,121.13538035708166,76.0895381401427
0.6460030926647443,0.4950047678167099,0.5731021669844512,0.001452704726859616,2021-04-04,West Midlands,95.94542848426329,71.4687500192118
0.6429829157335031,0.47454491371454544,0.5612492727960748,0.0018181806092374896,2021-04-11,West Midlands,75.45254482942283,58.984234845190436
0.6707093172275974,0.5137390924443055,0.5961363568989633,0.0015761005765554843,2021-04-18,West Midlands,90.466883635509,61.288469965314704
0.6717766903541912,0.5251750807284067,0.6018487022465209,0.0013612629626504626,2021-04-25,West Midlands,105.3432241810062,69.68951043782992
0.6747792283330151,0.5262072764134099,0.6037719767110278,0.0014002092348898375,2021-05-02,West Midlands,102.5530975057838,67.300922656644
0.6796808500164927,0.5352886567772905,0.611114565623926,0.0013184466036980534,2021-05-09,West Midlands,109.54393273803292,69.70876209209686
0.6956332567008362,0.5553629424481561,0.6288644705689681,0.0012361687365241522,2021-05-16,West Midlands,118.10343909601235,69.70084087731435
0.7246954410311007,0.6041033130024607,0.6688195349102543,9.217919336437669e-4,2021-05-23,West Midlands,160.04369911631235,79.24910075351781
0.705994366200448,0.5805110164457054,0.646648666631345,9.916708546436272e-4,2020-05-31,Yorkshire and The Humber,148.34981397048085,81.06350059381748
0.705994366200448,0.5805110164457054,0.646648666631345,9.916708546436272e-4,2020-06-07,Yorkshire and The Humber,148.34981397048085,81.06350059381748
0.705994366200448,0.5805110164457054,0.646648666631345,9.916708546436272e-4,2020-06-14,Yorkshire and The Humber,148.34981397048085,81.06350059381748
0.7027498387982803,0.5756158568452192,0.6426468111237708,0.0010144457834485776,2020-06-21,Yorkshire and The Humber,144.84078407752074,80.54084323382227
0.6796692374267054,0.5446856339400655,0.6148464373538041,0.0011497648733168585,2020-06-28,Yorkshire and The Humber,126.0214512066871,78.94265617118482
0.6679560329862971,0.5192685885353184,0.596800415950633,0.0013995402547429085,2020-07-05,Yorkshire and The Humber,102.01396216279977,68.92084189611413
0.6832837951236643,0.5351635470873864,0.6127698920725725,0.0013894425815388822,2020-07-12,Yorkshire and The Humber,104.0334029527967,65.74224088786978
0.6972694697807276,0.5622373360908018,0.633297817308776,0.001148578923595812,2020-07-19,Yorkshire and The Humber,127.41347421487828,73.77697794288669
0.7147082706117891,0.5887257959381593,0.6557788437716052,0.0010034514560959501,2020-07-26,Yorkshire and The Humber,146.8659505383827,77.09057372779688
0.7178498138415109,0.6035960220476485,0.664524837693281,8.256647569638251e-4,2020-08-02,Yorkshire and The Humber,178.75886618489452,90.24366922884228
0.7213838748870904,0.6044770262670313,0.6669114265077217,8.591865890018726e-4,2020-08-09,Yorkshire and The Humber,171.76139474411215,85.78614143102855
0.7125127911922104,0.5985843342339079,0.6589176764807373,8.195717807571699e-4,2020-08-16,Yorkshire and The Humber,180.03125501940713,93.19142733592064
0.6994430490321544,0.5717518056461387,0.6385832361061875,0.0010275213158806864,2020-08-23,Yorkshire and The Humber,142.7955388713624,80.8175013676355
0.733533167784069,0.6146508356896955,0.6790775944223094,8.820099065388093e-4,2020-08-30,Yorkshire and The Humber,167.11065385195786,78.97411646669579
0.761595530190221,0.6730907479222067,0.721657650008506,4.895788656530247e-4,2020-09-06,Yorkshire and The Humber,295.36515671574784,113.9219293592996
0.7446924404003761,0.6592588060851378,0.7050567327972174,4.58710104494215e-4,2020-09-13,Yorkshire and The Humber,318.92551247211895,133.41470021803588
0.746458874488645,0.6481281961828759,0.7010569913510813,6.095632287432336e-4,2020-09-20,Yorkshire and The Humber,240.3318228522301,102.48170845434903
0.7715100535426673,0.6915009799980095,0.7354344894144378,4.062033650749185e-4,2020-09-27,Yorkshire and The Humber,351.53621820331443,126.46178605565363
0.7793745119962685,0.7121926198987547,0.7487078234928092,2.875203268684287e-4,2020-10-04,Yorkshire and The Humber,489.1825594255708,164.18654408329488
0.7502159551597898,0.673762783798566,0.7146812098652194,3.6881185681960586e-4,2020-10-11,Yorkshire and The Humber,394.4246196066352,157.46427037973942
0.7332533962812855,0.6310212612065116,0.6856247806875546,6.58882330296274e-4,2020-10-18,Yorkshire and The Humber,223.6062062918704,102.52874768052656
0.7285887115204085,0.6235553976157664,0.6800614259574164,6.950448195239906e-4,2020-10-25,Yorkshire and The Humber,212.20739724323855,99.83411716038302
0.7225533678315896,0.6114357278552377,0.6707736762294664,7.813763622808892e-4,2020-11-01,Yorkshire and The Humber,188.90651391037926,92.71830322951672
0.717602892457082,0.6036768829742888,0.6641794557002042,8.175574466726142e-4,2020-11-08,Yorkshire and The Humber,180.53651527114906,91.28236398162808
0.6939793966380935,0.5692934515222026,0.6343413340833898,9.711613121320095e-4,2020-11-15,Yorkshire and The Humber,150.87189846392627,86.96834677554418
0.6537748642187703,0.5090557376576378,0.5839733285397073,0.0013371343685329798,2020-11-22,Yorkshire and The Humber,105.5201220585162,75.17327077567614
0.6382023065909075,0.47201867680274406,0.5575669685041,0.0017662944199306214,2020-11-29,Yorkshire and The Humber,77.31392956675448,61.34910812032465
0.660796984420421,0.49791833019570425,0.5830093448666829,0.0017012318726168211,2020-12-06,Yorkshire and The Humber,82.73019603198307,59.1718107890243
0.6941903198997259,0.5489109781399767,0.6255039679545743,0.0013286852303974442,2020-12-13,Yorkshire and The Humber,109.65157428999042,65.64959070270488
0.7207453837530824,0.5993736600344703,0.6644198341353452,9.344604043866481e-4,2020-12-20,Yorkshire and The Humber,157.86890114862777,79.73523563045157
0.7342587569101208,0.627019912164316,0.6847558457325695,7.245271524848813e-4,2020-12-27,Yorkshire and The Humber,203.33107728032283,93.60845021329642
0.7409970093715793,0.6411355136729684,0.6950467249802057,6.276377591929879e-4,2021-01-03,Yorkshire and The Humber,234.0261124071876,102.67947010433701
0.7191029713794062,0.6152271560999367,0.6704109094066756,6.827990358004065e-4,2021-01-10,Yorkshire and The Humber,216.28079806372781,106.32850770538593
0.6901569628116776,0.561747429727498,0.6283615092807129,0.001029911409362871,2021-01-17,Yorkshire and The Humber,141.84706532628627,83.89410950897536
0.6822420698472128,0.5411626119344922,0.614911891378701,0.0012577690926878966,2021-01-24,Yorkshire and The Humber,115.15213973440476,72.11394073806883
0.6814896118934916,0.5393917585284049,0.6136449507024118,0.001277612541400927,2021-01-31,Yorkshire and The Humber,113.25961563912291,71.30902704176239
0.6842132818052125,0.5421527774305283,0.6165555471406914,0.0012740765250801814,2021-02-07,Yorkshire and The Humber,113.79011958469842,70.76765483223134
0.6887938361299668,0.5497753682836442,0.6226985772252668,0.0012180891686536148,2021-02-14,Yorkshire and The Humber,119.4834133739933,72.39660328897895
0.6910059654453963,0.5540200188143949,0.6257676787319743,0.0011809359186345032,2021-02-21,Yorkshire and The Humber,123.46549880900348,73.83695544876207
0.6748798311769808,0.5358583165553769,0.608565594845431,0.0012221327571656415,2021-02-28,Yorkshire and The Humber,118.010746870793,75.90548478993115
0.6715979494038875,0.5206402680829783,0.5990764092395789,0.0014404425807209202,2021-03-07,Yorkshire and The Humber,99.29278280576816,66.45031986756646
0.6972578011701023,0.5566184576654678,0.6308441167893731,0.0012511273503293004,2021-03-14,Yorkshire and The Humber,116.79194461760113,68.3440366958233
0.7105082325013761,0.5852190164597278,0.6516183582291953,9.893521352480055e-4,2021-03-21,Yorkshire and The Humber,148.86552422878566,79.58955587874075
0.694702892598495,0.5693945326072056,0.6349541636572815,9.851936598984626e-4,2021-03-28,Yorkshire and The Humber,148.75126705554135,85.5196072367805
0.6631079809212643,0.5192928019578019,0.5938431047322743,0.001308264544559589,2021-04-04,Yorkshire and The Humber,108.88789792973184,74.47349342434036
0.659958312799657,0.5027662176937697,0.5845546697538155,0.0015754901053613628,2021-04-11,Yorkshire and The Humber,89.52035802809918,63.62247473004227
0.6649221375110747,0.5121755415850907,0.5919679895038532,0.0014889952672008876,2021-04-18,Yorkshire and The Humber,95.43591705932323,65.78211964450435
0.6746500808638441,0.5235059375276666,0.6023145922387685,0.0014507002474137512,2021-04-25,Yorkshire and The Humber,98.84859062130926,65.26596329294136
0.6927348155521841,0.5527011116714323,0.6265015831623664,0.0012412624311686968,2021-05-02,Yorkshire and The Humber,117.4788290944435,70.03678499459109
0.6967302341810115,0.5638677805819265,0.6334848416450214,0.0011076571970490264,2021-05-09,Yorkshire and The Humber,132.15457389129648,76.46063708694886
0.6960209709945073,0.5631858491919975,0.6327404983404491,0.0011072046970553705,2021-05-16,Yorkshire and The Humber,132.1667428756565,76.71311106494514
0.7018411846652552,0.570252687924465,0.639430909456632,0.001088638195503215,2021-05-23,Yorkshire and The Humber,134.78349050055127,76.00314572115718
